year,state,obs,households,wealth_mean,wealth_median,wealth_top1,wealth_top.1,wealth_top.01,wealth_top.001,wealth_top10,wealth_bottom50,wealth_gini,wealth_sd,p90,p10,income_mean,house_value_mean,own,rent,own_outright,own_mortgage,college,white,black,hispanic,female,household_size,age,mean_sd,top1_sd,top.1_sd,top.01_sd,top.001_sd,top10_sd,bottom50_sd,top5_sd,top.5_sd,gini_sd
1960,alabama,42847,856940,77278.162,35100.75,0.211,0.085,0.034,0.014,0.54,0.062,0.726,234662.739,166974.436,-2126.812,40382.539,48518.843,0.589,0.411,NA,NA,0.139,0.738,0.261,0,0.177,3.678,47.131,448.374,0.005,0.004,0.002,0.001,0.003,0,0.003,0.005,0.017
1960,alaska,2750,55000,97790.092,36482.414,0.17,0.062,0.026,0.012,0.527,0.244,0.697,187199.257,236162.528,3572.022,66925.968,47580.207,0.456,0.544,NA,NA,0.258,0.83,0.03,0.001,0.086,3.48,40.23,4025.317,0.032,0.019,0.008,0.003,0.019,0.378,0.025,0.03,0.028
1960,arizona,17694,353880,108872.732,45300.973,0.218,0.087,0.036,0.014,0.558,0.069,0.729,280238.536,236346.705,0,54434.901,64127.141,0.625,0.375,NA,NA,0.247,0.92,0.034,0.003,0.151,3.463,45.635,1082.775,0.007,0.004,0.001,0.001,0.004,0.001,0.006,0.006,0.021
1960,arkansas,25150,503000,73961.529,35263.136,0.161,0.059,0.023,0.009,0.507,0.072,0.689,147355.794,176916.02,-1981.737,32873.483,41309.995,0.602,0.398,NA,NA,0.132,0.812,0.187,0,0.168,3.412,49.749,1649.743,0.018,0.012,0.007,0.002,0.011,0.002,0.014,0.018,0.019
1960,california,237916,4758320,141314.694,60621.91,0.224,0.088,0.036,0.014,0.559,0.058,0.743,387565.887,293638.34,-2229.737,63436.406,85868.095,0.565,0.435,NA,NA,0.281,0.931,0.049,0.001,0.184,3.079,46.396,1547.357,0.009,0.006,0.003,0.001,0.005,0.001,0.006,0.009,0.02
1960,colorado,25152,503040,115446.314,54631.22,0.188,0.076,0.031,0.012,0.51,0.074,0.702,340424.299,259862.158,0,55193.805,70814.371,0.619,0.381,NA,NA,0.271,0.973,0.021,0,0.168,3.234,46.781,2122.111,0.011,0.005,0.002,0.001,0.009,0.001,0.011,0.009,0.02
1960,connecticut,33892,677840,193005.47,71671.496,0.288,0.117,0.047,0.019,0.619,0.053,0.8,630810.916,338062.529,0,69666.291,110371.491,0.577,0.423,NA,NA,0.228,0.963,0.036,0,0.155,3.306,47.127,17581.975,0.042,0.017,0.007,0.003,0.037,0.005,0.047,0.033,0.009
1960,delaware,6212,124240,130939.136,58960.749,0.218,0.082,0.033,0.013,0.547,0.079,0.717,307720.543,269417.148,0,62859.162,79525.077,0.658,0.342,NA,NA,0.214,0.874,0.123,0,0.159,3.392,45.88,2708.307,0.016,0.015,0.006,0.002,0.009,0.002,0.012,0.018,0.028
1960,district of columbia,12115,242300,114314.917,19279.328,0.315,0.128,0.052,0.021,0.681,0.02,0.845,401825.084,231409.722,-3858.237,63214.795,44517.105,0.271,0.729,NA,NA,0.305,0.56,0.433,0,0.321,2.88,46.54,5795.455,0.03,0.013,0.005,0.002,0.016,0.001,0.023,0.025,0.007
1960,florida,74080,1481600,117124.563,53580.166,0.21,0.084,0.034,0.014,0.534,0.073,0.716,284154.2,247713.024,-1770.46,48362.255,73169.303,0.661,0.339,NA,NA,0.203,0.851,0.147,0,0.179,3.144,48.472,1052.731,0.007,0.005,0.002,0.001,0.004,0.001,0.005,0.007,0.021
1960,georgia,51696,1033920,84638.569,33943.443,0.228,0.093,0.037,0.015,0.571,0.047,0.756,263570.026,186351.053,-2443.561,43967.348,51630.217,0.55,0.45,NA,NA,0.156,0.752,0.248,0,0.182,3.632,46.151,579.589,0.005,0.004,0.002,0.001,0.003,0,0.004,0.005,0.016
1960,hawaii,7318,146360,127038.248,27808.356,0.237,0.094,0.038,0.015,0.606,0.025,0.79,308628.382,295575.147,-3130.354,62985.077,75990.546,0.386,0.614,NA,NA,0.201,0.362,0.007,0.005,0.129,3.885,43.052,2803.7,0.014,0.013,0.005,0.002,0.009,0.001,0.012,0.013,0.017
1960,idaho,9210,184200,119200.973,64111.222,0.126,0.043,0.017,0.007,0.446,0.095,0.632,179087.288,288946.443,0,46884.485,73348.468,0.693,0.307,NA,NA,0.222,0.988,0.003,0,0.127,3.427,47.243,5968.112,0.037,0.02,0.008,0.003,0.026,0.004,0.033,0.032,0.03
1960,illinois,140999,2819980,160848.872,53455.355,0.32,0.131,0.053,0.021,0.631,0.048,0.829,823583.949,272303.443,-2685.753,62371.222,90481.988,0.54,0.46,NA,NA,0.201,0.907,0.09,0,0.17,3.204,47.382,20502.278,0.067,0.028,0.011,0.005,0.05,0.006,0.065,0.053,0.012
1960,indiana,66737,1334740,107347.713,59074.958,0.173,0.066,0.026,0.011,0.47,0.105,0.648,242982.747,228768.7,2298.387,53665.818,66707.307,0.699,0.301,NA,NA,0.165,0.95,0.049,0,0.153,3.303,47.478,1525.867,0.011,0.011,0.005,0.002,0.008,0.002,0.009,0.011,0.023
1960,iowa,40397,807940,114653.949,64441.022,0.15,0.055,0.021,0.009,0.444,0.104,0.629,197531.592,255064.723,0,46414.76,60709.518,0.68,0.32,NA,NA,0.178,0.991,0.008,0,0.157,3.234,49.409,2408.812,0.017,0.013,0.007,0.003,0.012,0.002,0.014,0.016,0.024
1960,kansas,32429,648580,111683.128,55830.6,0.168,0.067,0.027,0.011,0.48,0.09,0.667,245009.651,251481.298,0,49554.231,58537.428,0.679,0.321,NA,NA,0.219,0.962,0.036,0,0.16,3.181,48.669,2673.666,0.017,0.008,0.003,0.001,0.012,0.002,0.015,0.015,0.023
1960,kentucky,41178,823560,86483.694,39774.483,0.197,0.08,0.032,0.013,0.51,0.075,0.699,235231.486,187431.701,0,40690.906,48543.167,0.63,0.37,NA,NA,0.129,0.928,0.072,0,0.158,3.504,48.244,638.66,0.006,0.006,0.003,0.001,0.004,0.001,0.005,0.006,0.017
1960,louisiana,42248,844960,91446.599,34938.942,0.23,0.094,0.038,0.015,0.576,0.05,0.757,260467.803,199180.645,-2368.763,43088.296,59286.666,0.57,0.43,NA,NA,0.154,0.712,0.286,0,0.186,3.634,46.59,561.111,0.005,0.004,0.002,0.001,0.003,0,0.003,0.004,0.017
1960,maine,12706,254120,79766.048,39577.568,0.149,0.057,0.022,0.009,0.468,0.251,0.653,147189.274,182963.131,0,44055.497,49583.391,0.632,0.368,NA,NA,0.152,0.996,0.003,0,0.168,3.36,48.384,1421.134,0.015,0.012,0.008,0.003,0.009,0.369,0.012,0.014,0.018
1960,maryland,41317,826340,123793.478,56969.323,0.23,0.094,0.038,0.015,0.541,0.076,0.727,363570.136,252573.658,0,63388.685,74367.143,0.629,0.371,NA,NA,0.215,0.853,0.145,0,0.155,3.507,45.62,2349.055,0.014,0.009,0.003,0.001,0.009,0.001,0.011,0.014,0.015
1960,massachusetts,67392,1347840,114647.075,45876.105,0.241,0.097,0.039,0.016,0.565,0.048,0.755,326993.588,237423.97,-1854.439,59425.125,67557.12,0.499,0.501,NA,NA,0.219,0.977,0.021,0,0.197,3.231,48.632,1807.812,0.01,0.006,0.002,0.001,0.007,0.001,0.009,0.009,0.016
1960,michigan,106351,2127020,128555.497,68404.53,0.215,0.089,0.036,0.015,0.499,0.108,0.68,344743.006,247299.574,3540.719,60218.474,83486.826,0.73,0.27,NA,NA,0.181,0.92,0.077,0,0.142,3.445,46.643,2913.171,0.017,0.009,0.004,0.001,0.011,0.002,0.014,0.017,0.014
1960,minnesota,46588,931760,128219.489,74232.628,0.169,0.066,0.026,0.011,0.455,0.106,0.64,244155.886,268888.741,0,51766.8,79865.08,0.704,0.296,NA,NA,0.202,0.99,0.006,0,0.154,3.391,48.582,1722.77,0.01,0.009,0.005,0.002,0.007,0.001,0.009,0.01,0.023
1960,mississippi,27457,549140,70533.918,33167.538,0.173,0.064,0.026,0.01,0.522,0.053,0.714,168781.714,167955.345,-2825.557,31726.79,41948.102,0.568,0.432,NA,NA,0.135,0.63,0.368,0,0.183,3.818,48.782,1490.382,0.017,0.011,0.005,0.002,0.01,0.001,0.013,0.017,0.017
1960,missouri,64632,1292640,103589.155,48679.653,0.205,0.08,0.032,0.013,0.515,0.073,0.703,251527.536,220356.118,0,47824.179,58467.363,0.626,0.374,NA,NA,0.165,0.922,0.077,0,0.181,3.117,49.32,1081.626,0.008,0.009,0.004,0.002,0.005,0.001,0.006,0.009,0.02
1960,montana,9535,190700,114694.736,55195.876,0.152,0.059,0.024,0.01,0.479,0.073,0.676,230099.69,278191.223,-1730.317,48654.835,63815.689,0.621,0.379,NA,NA,0.217,0.975,0.002,0,0.144,3.291,47.937,4288.324,0.027,0.012,0.005,0.002,0.019,0.003,0.024,0.023,0.023
1960,nebraska,20665,413300,114052.005,57156.405,0.155,0.058,0.024,0.01,0.477,0.082,0.667,216237.767,268427.98,-2246.377,45624.1,59365.432,0.635,0.365,NA,NA,0.194,0.979,0.018,0,0.156,3.211,49.277,3883.503,0.024,0.014,0.005,0.002,0.017,0.003,0.022,0.021,0.025
1960,nevada,4376,87520,117918.244,48064.79,0.194,0.074,0.03,0.012,0.537,0.062,0.717,229658.558,263707.308,-2262.449,61766.596,68541.651,0.544,0.456,NA,NA,0.255,0.943,0.036,0.001,0.135,3.042,45.035,3661.212,0.026,0.017,0.007,0.003,0.014,0.002,0.019,0.025,0.026
1960,new hampshire,8160,163200,92182.404,47751.442,0.162,0.056,0.021,0.009,0.478,0.251,0.659,167668.319,207425.418,0,51237.2,59036.556,0.614,0.386,NA,NA,0.173,0.997,0.003,0,0.165,3.231,48.362,2307.538,0.021,0.017,0.01,0.003,0.013,0.369,0.016,0.02,0.026
1960,new jersey,81758,1635160,172997.441,65607.855,0.308,0.126,0.051,0.021,0.613,0.056,0.824,1034719.202,291654.752,0,69108.391,105670.718,0.575,0.425,NA,NA,0.213,0.924,0.074,0,0.156,3.299,47.336,21152.423,0.065,0.028,0.012,0.005,0.05,0.007,0.063,0.053,0.012
1960,new mexico,12029,240580,101527.885,41570.9,0.188,0.073,0.03,0.012,0.534,0.076,0.703,209301.764,234574.767,0,51753.006,62293.361,0.639,0.361,NA,NA,0.245,0.94,0.017,0.009,0.139,3.703,43.728,3308.76,0.022,0.012,0.005,0.002,0.015,0.002,0.019,0.02,0.026
1960,new york,235176,4703520,124715.804,32067.03,0.316,0.131,0.053,0.021,0.643,0.028,0.833,568499.267,238968.649,-3529.611,65731.088,59301.042,0.387,0.613,NA,NA,0.212,0.916,0.079,0,0.195,3.117,48.034,10653.942,0.052,0.025,0.01,0.004,0.031,0.002,0.042,0.047,0.004
1960,north carolina,59235,1184700,78721.614,36337.961,0.194,0.073,0.029,0.012,0.524,0.067,0.709,204850.584,176785.209,-2418.747,40383.366,46512.407,0.595,0.405,NA,NA,0.144,0.789,0.205,0,0.161,3.684,45.815,1067.519,0.011,0.01,0.005,0.002,0.006,0.001,0.008,0.011,0.02
1960,north dakota,8174,163480,125660.959,70106.955,0.108,0.034,0.012,0.005,0.414,0.416,0.615,159884.891,300739.953,0,42943.018,60832.155,0.669,0.331,NA,NA,0.175,0.986,0.001,0,0.132,3.61,48.263,6880.721,0.041,0.024,0.011,0.004,0.03,0.447,0.037,0.036,0.03
1960,ohio,135238,2704760,127734.185,64620.987,0.217,0.087,0.035,0.014,0.517,0.085,0.702,335513.408,250434.994,0,58489.902,83230.457,0.657,0.343,NA,NA,0.181,0.93,0.07,0,0.155,3.359,47.135,1598.19,0.008,0.004,0.002,0.001,0.006,0.001,0.008,0.007,0.019
1960,oklahoma,35710,714200,97431.386,41279.792,0.194,0.077,0.031,0.012,0.525,0.078,0.704,246887.117,221876.682,0,44850.343,51543.819,0.662,0.338,NA,NA,0.214,0.92,0.059,0,0.177,3.111,49.1,1319.933,0.01,0.007,0.004,0.001,0.006,0.001,0.008,0.008,0.02
1960,oregon,26899,537980,116892.174,61828.943,0.175,0.067,0.027,0.011,0.488,0.092,0.669,256183.525,256696.43,0,53578.882,69212.454,0.683,0.317,NA,NA,0.231,0.983,0.009,0,0.158,3.125,48.486,2486.242,0.016,0.012,0.006,0.002,0.011,0.002,0.014,0.015,0.025
1960,pennsylvania,157773,3155460,104587.769,54787.793,0.201,0.08,0.032,0.013,0.504,0.093,0.682,265989.672,214245.479,0,55269.171,66057.988,0.664,0.336,NA,NA,0.155,0.929,0.07,0,0.169,3.325,48.268,767.851,0.006,0.007,0.003,0.001,0.004,0.001,0.005,0.006,0.021
1960,rhode island,11258,225160,87934.974,36669.604,0.195,0.072,0.029,0.012,0.525,0.043,0.725,207252.339,200108.529,-2339.785,50911.839,57156.063,0.48,0.52,NA,NA,0.156,0.979,0.018,0,0.191,3.211,47.902,1741.344,0.016,0.015,0.006,0.003,0.009,0.001,0.012,0.017,0.021
1960,south carolina,29549,590980,70358.78,32192.371,0.207,0.08,0.032,0.013,0.546,0.058,0.728,193953.223,157757.881,-2300.746,38312.657,42099.6,0.566,0.434,NA,NA,0.142,0.703,0.296,0,0.187,3.843,45.864,574.493,0.007,0.007,0.004,0.002,0.004,0,0.005,0.007,0.017
1960,south dakota,9198,183960,108018.106,57282.454,0.125,0.04,0.015,0.007,0.443,0.252,0.635,152812.73,259037.292,-2127.151,40263.569,52626.388,0.657,0.343,NA,NA,0.171,0.975,0.001,0,0.138,3.462,49.025,4749.035,0.035,0.022,0.01,0.004,0.023,0.368,0.029,0.032,0.027
1960,tennessee,48910,978200,80887.048,38994.503,0.19,0.071,0.029,0.012,0.512,0.076,0.694,190244.724,175995.957,-1832.758,40659.365,47650.997,0.629,0.371,NA,NA,0.144,0.852,0.148,0,0.166,3.502,47.389,1135.245,0.011,0.01,0.004,0.002,0.007,0.001,0.009,0.011,0.021
1960,texas,134505,2690100,101775.092,41706.219,0.223,0.09,0.036,0.015,0.554,0.07,0.731,283130.966,221091.119,-1176.304,49327.313,55137.97,0.638,0.362,NA,NA,0.213,0.882,0.117,0,0.161,3.393,46.39,379.206,0.003,0.003,0.001,0.001,0.002,0,0.002,0.003,0.018
1960,utah,11523,230460,119271.237,63946.337,0.189,0.078,0.032,0.013,0.483,0.1,0.666,265035.973,247895.206,2063.847,53816.14,85057.243,0.705,0.295,NA,NA,0.317,0.983,0.006,0,0.136,3.653,45.299,1044.967,0.007,0.004,0.002,0.001,0.005,0.001,0.006,0.007,0.018
1960,vermont,5083,101660,90476.267,47586.312,0.122,0.04,0.016,0.008,0.445,0.25,0.637,141295.626,218966.838,0,46324.537,53591.794,0.63,0.37,NA,NA,0.181,0.998,0.002,0,0.181,3.397,49.26,2832.769,0.027,0.017,0.007,0.003,0.017,0.371,0.021,0.025,0.021
1960,virginia,52249,1044980,96040.344,42268.41,0.199,0.078,0.032,0.013,0.527,0.071,0.711,260713.151,207952.412,-1450.677,50247.933,59933.252,0.604,0.396,NA,NA,0.199,0.822,0.177,0,0.168,3.559,45.888,1109.904,0.009,0.006,0.002,0.001,0.005,0.001,0.007,0.009,0.02
1960,washington,43097,861940,121143.214,64337.751,0.176,0.066,0.026,0.011,0.489,0.092,0.667,226339.587,260846.452,0,55091.172,77731.481,0.674,0.326,NA,NA,0.247,0.971,0.015,0,0.161,3.118,47.884,3139.065,0.02,0.015,0.007,0.003,0.013,0.002,0.017,0.019,0.028
1960,west virginia,25243,504860,79956.776,36769.87,0.204,0.079,0.032,0.013,0.529,0.081,0.7,191293.93,168822.165,0,43511.601,48442.925,0.633,0.367,NA,NA,0.137,0.956,0.044,0,0.165,3.549,48.893,785.095,0.008,0.008,0.004,0.002,0.005,0.001,0.006,0.008,0.021
1960,wisconsin,52675,1053500,120387.778,68156.836,0.167,0.066,0.026,0.011,0.458,0.1,0.647,245024.877,256604.232,0,55139.433,71909.913,0.66,0.34,NA,NA,0.18,0.982,0.015,0,0.146,3.407,48.122,1725.348,0.01,0.006,0.003,0.001,0.008,0.001,0.009,0.009,0.022
1960,wyoming,4627,92540,117098.372,51103.808,0.188,0.082,0.034,0.014,0.516,0.07,0.71,301938.882,268106.469,-1491.712,54056.761,65673.979,0.599,0.401,NA,NA,0.239,0.983,0.005,0,0.121,3.33,45.77,3229.807,0.018,0.011,0.005,0.002,0.013,0.002,0.017,0.016,0.016
1970,alabama,12849,642450,126872.065,50605.76,0.23,0.093,0.038,0.015,0.567,0.058,0.762,285343.403,271948.942,-2075.353,51908.417,61558.046,0.604,0.396,NA,NA,0.2,0.739,0.259,0,0.231,3.274,48.391,458.257,0.002,0.001,0,0,0.002,0,0.002,0.002,0.005
1970,alaska,1304,65200,175463.027,54593.226,0.231,0.094,0.038,0.015,0.574,0.046,0.767,282423.641,402543.959,-6989.184,88618.156,71005.636,0.395,0.605,NA,NA,0.35,0.829,0.034,0,0.113,3.491,39.294,2328.111,0.004,0.002,0.001,0,0.006,0.001,0.008,0.003,0.004
1970,arizona,9387,469350,184476.346,76053.953,0.219,0.089,0.036,0.015,0.546,0.067,0.744,350631.037,394107.283,0,64728.853,77361.104,0.602,0.398,NA,NA,0.341,0.932,0.029,0.005,0.187,3.273,46.338,2200.855,0.005,0.002,0.001,0,0.005,0.001,0.007,0.004,0.006
1970,arkansas,6234,311700,116026.636,45938.417,0.225,0.091,0.037,0.015,0.56,0.054,0.754,225544.556,250709.233,-2046.965,44221.582,53366.385,0.569,0.431,NA,NA,0.195,0.827,0.172,0,0.222,3.106,49.583,678.647,0.003,0.001,0.001,0,0.003,0,0.003,0.002,0.006
1970,california,122418,6120900,238484.222,89821.405,0.229,0.093,0.037,0.015,0.563,0.051,0.764,486802.079,518319.341,-2618.465,73829.21,97663.472,0.516,0.484,NA,NA,0.372,0.902,0.067,0.002,0.225,2.986,46.095,1760.906,0.002,0.001,0,0,0.003,0,0.003,0.001,0.003
1970,colorado,9972,498600,179318.692,81996.13,0.213,0.086,0.035,0.014,0.529,0.072,0.726,301180.636,377266.791,-3700.437,68742.786,82367.725,0.593,0.407,NA,NA,0.383,0.955,0.035,0.001,0.209,3.105,45.239,1272.366,0.003,0.001,0,0,0.003,0.001,0.004,0.002,0.005
1970,connecticut,16521,826050,322835.159,129363.132,0.225,0.091,0.037,0.015,0.556,0.064,0.766,902034.218,704614.299,5702.298,86321.379,143536.587,0.577,0.423,NA,NA,0.301,0.942,0.054,0,0.196,3.185,47.435,11437.854,0.006,0.003,0.001,0,0.015,0.002,0.012,0.005,0.013
1970,district of columbia,5045,252250,188380.628,33426.636,0.282,0.114,0.046,0.019,0.682,0.015,0.85,491518.9,420191.374,-7579.282,71719.926,48766.031,0.255,0.745,NA,NA,0.328,0.358,0.632,0,0.381,2.726,45.59,9064.867,0.01,0.004,0.002,0.001,0.016,0.001,0.019,0.008,0.007
1970,florida,37291,1864550,216221.375,88147.492,0.221,0.089,0.036,0.015,0.546,0.07,0.742,411520.252,455514.157,0,61508.388,80854.657,0.638,0.362,NA,NA,0.28,0.865,0.132,0,0.225,2.956,50.269,622.026,0.001,0,0,0,0.001,0,0.001,0.001,0.002
1970,georgia,15472,773600,155952.003,53520.42,0.243,0.098,0.04,0.016,0.589,0.047,0.788,372599.415,336792.695,-3571.304,64670.02,72632.717,0.542,0.458,NA,NA,0.266,0.754,0.244,0,0.227,3.284,45.526,2147.194,0.005,0.002,0.001,0,0.006,0.001,0.007,0.004,0.002
1970,hawaii,3841,192050,263747.758,87950.793,0.222,0.09,0.036,0.015,0.55,0.04,0.752,413817.121,575761.931,-4063.635,82619.094,112930.7,0.437,0.563,NA,NA,0.31,0.42,0.01,0,0.149,3.611,43.93,3625.746,0.004,0.001,0.001,0,0.006,0.001,0.007,0.003,0.002
1970,illinois,56167,2808350,217792.339,84573.899,0.23,0.093,0.038,0.015,0.564,0.06,0.771,529770.327,455613.436,0,76514.551,92070.934,0.527,0.473,NA,NA,0.275,0.869,0.124,0,0.215,3.119,47.235,3513.54,0.005,0.002,0.001,0,0.007,0.001,0.008,0.004,0.004
1970,indiana,19514,975700,165309.373,80226.95,0.203,0.082,0.033,0.013,0.508,0.09,0.704,343807.303,334626.657,4451.074,70514.118,76346.202,0.654,0.346,NA,NA,0.238,0.915,0.083,0,0.195,3.189,46.566,1627.11,0.005,0.002,0.001,0,0.005,0.001,0.006,0.004,0.008
1970,iowa,9430,471500,165356.326,82997.156,0.194,0.078,0.032,0.013,0.495,0.096,0.686,266704.26,342721.035,4702.436,59213.08,71397.117,0.654,0.346,NA,NA,0.28,0.986,0.012,0,0.213,3.001,49.116,3029.953,0.009,0.004,0.002,0.001,0.009,0.002,0.012,0.007,0.012
1970,kansas,8867,443350,159120.658,69718.09,0.212,0.086,0.035,0.014,0.529,0.071,0.728,276567.996,339665.426,0,56547.373,59445.701,0.615,0.385,NA,NA,0.299,0.958,0.036,0,0.211,2.949,48.998,1329.866,0.004,0.002,0.001,0,0.004,0.001,0.005,0.003,0.007
1970,kentucky,3574,178700,116667.117,41786.081,0.228,0.092,0.037,0.015,0.564,0.049,0.763,227118.676,263268.332,-3379.36,49114.701,55055.246,0.54,0.46,NA,NA,0.219,0.924,0.075,0,0.206,3.233,47.231,1339.417,0.005,0.002,0.001,0,0.005,0.001,0.006,0.004,0.006
1970,louisiana,16258,812900,140183.965,52438.232,0.238,0.097,0.039,0.016,0.581,0.05,0.778,333922.476,295637.37,-3882.323,54929.353,71165.086,0.572,0.428,NA,NA,0.231,0.731,0.267,0,0.23,3.399,46.678,500.544,0.002,0.001,0,0,0.001,0,0.002,0.001,0.004
1970,maine,2945,147250,127893.894,57213.884,0.193,0.078,0.032,0.013,0.511,0.073,0.705,196444.806,289012.77,-1574.122,53742.422,61081.916,0.605,0.395,NA,NA,0.234,0.991,0.005,0,0.216,3.193,48.43,2813.791,0.013,0.005,0.002,0.001,0.011,0.002,0.014,0.01,0.012
1970,maryland,18437,921850,225379.413,87988.384,0.228,0.092,0.037,0.015,0.563,0.062,0.758,462348.535,483645.972,0,84723.418,87813.202,0.547,0.453,NA,NA,0.331,0.829,0.165,0,0.2,3.269,45.224,1357.705,0.001,0.001,0,0,0.003,0,0.002,0.001,0.002
1970,massachusetts,28290,1414500,210286.022,83463.631,0.227,0.092,0.037,0.015,0.555,0.059,0.761,472277.604,436019.116,0,74102.277,85878.879,0.502,0.498,NA,NA,0.294,0.964,0.031,0,0.24,3.128,48.561,2180.206,0.003,0.001,0.001,0,0.005,0.001,0.006,0.003,0.003
1970,michigan,42518,2125900,216565.636,106526.448,0.204,0.082,0.033,0.014,0.504,0.096,0.707,417208.132,432176.69,7135.28,78603.602,101515.251,0.704,0.296,NA,NA,0.256,0.884,0.111,0,0.191,3.3,46.565,903.868,0.001,0.001,0,0,0.002,0,0.003,0.001,0.003
1970,minnesota,14554,727700,205811.709,103870.225,0.199,0.081,0.033,0.013,0.497,0.093,0.703,399868,417720.334,5110.419,72458.288,97190.107,0.639,0.361,NA,NA,0.32,0.981,0.013,0,0.212,3.166,47.202,1791.946,0.003,0.001,0.001,0,0.004,0.001,0.005,0.003,0.005
1970,mississippi,3833,191650,113920.77,44400.931,0.222,0.09,0.036,0.015,0.569,0.055,0.761,274768.358,255164.786,-2847.933,47968.627,57227.903,0.594,0.406,NA,NA,0.242,0.671,0.327,0,0.237,3.407,47.983,1849.287,0.009,0.004,0.001,0.001,0.007,0.001,0.009,0.007,0.009
1970,missouri,21425,1071250,163437.502,69770.12,0.22,0.089,0.036,0.015,0.543,0.069,0.742,323817.61,338271.818,0,63223.164,69668.262,0.599,0.401,NA,NA,0.241,0.885,0.112,0,0.232,3.023,48.983,767.452,0.002,0.001,0,0,0.002,0,0.003,0.002,0.005
1970,nebraska,3430,171500,149213.694,66825.767,0.21,0.085,0.034,0.014,0.528,0.078,0.719,248357.708,315546.401,0,52498.824,55391.902,0.601,0.399,NA,NA,0.268,0.994,0.004,0,0.213,2.883,50.367,1545.456,0.005,0.002,0.001,0,0.005,0.001,0.006,0.004,0.008
1970,nevada,1551,77550,167661.272,81009.031,0.198,0.08,0.032,0.013,0.507,0.062,0.718,251755.801,366249.043,-8360.544,75841.209,94514.557,0.524,0.476,NA,NA,0.3,0.903,0.085,0,0.162,3.146,43.016,2464.276,0.007,0.003,0.001,0,0.007,0.001,0.009,0.005,0.007
1970,new hampshire,2424,121200,157260.142,76662.64,0.2,0.081,0.033,0.013,0.504,0.083,0.705,258030.092,325266.658,3583.045,66519.604,83278.442,0.604,0.396,NA,NA,0.29,0.993,0.006,0,0.189,3.222,46.743,2221.005,0.007,0.003,0.001,0,0.007,0.001,0.009,0.005,0.009
1970,new jersey,38932,1946600,274161.439,109070.576,0.229,0.093,0.038,0.015,0.562,0.063,0.784,1072056.148,571178.023,3766.744,81328.01,136523.688,0.56,0.44,NA,NA,0.266,0.898,0.098,0.001,0.203,3.178,48.019,8819.159,0.007,0.003,0.001,0,0.014,0.002,0.013,0.005,0.012
1970,new mexico,2895,144750,158440.687,59240.361,0.223,0.09,0.037,0.015,0.557,0.059,0.75,268165.014,349373.726,-3572.665,59768.778,71999.193,0.63,0.37,NA,NA,0.359,0.926,0.014,0.022,0.209,3.449,45.325,1237.152,0.004,0.002,0.001,0,0.003,0,0.005,0.003,0.006
1970,new york,96862,4843100,205777.552,59039.8,0.247,0.1,0.041,0.016,0.603,0.038,0.805,603789.385,449248.994,0,76826.566,74206.103,0.375,0.625,NA,NA,0.271,0.868,0.121,0.001,0.253,2.986,48.181,4750.82,0.006,0.002,0.001,0,0.009,0.001,0.011,0.005,0.006
1970,north carolina,22600,1130000,132743.202,52521.627,0.238,0.096,0.039,0.016,0.574,0.059,0.768,342918.308,277361.274,-2510.485,57430.191,64650.883,0.582,0.418,NA,NA,0.217,0.785,0.207,0,0.207,3.291,46.06,785.55,0.002,0.001,0,0,0.003,0,0.003,0.002,0.003
1970,ohio,47950,2397500,197860.552,91281.675,0.212,0.086,0.035,0.014,0.525,0.081,0.73,444594.567,401391.307,3724.812,72748.295,92064.453,0.628,0.372,NA,NA,0.243,0.9,0.098,0,0.204,3.184,47.218,213.767,0,0,0,0,0.001,0,0.001,0,0.003
1970,oklahoma,11333,566650,150494.938,62431.682,0.217,0.088,0.036,0.014,0.541,0.071,0.735,280496.316,320322.459,0,56507.331,63872.806,0.654,0.346,NA,NA,0.306,0.908,0.064,0,0.226,2.898,48.493,1093.131,0.004,0.002,0.001,0,0.003,0.001,0.004,0.003,0.007
1970,oregon,8590,429500,170715.879,78306.771,0.21,0.085,0.034,0.014,0.523,0.074,0.722,299349.548,356805.02,-68.663,61761.016,70109.12,0.598,0.402,NA,NA,0.321,0.97,0.017,0,0.217,2.908,47.909,1146.245,0.003,0.001,0,0,0.003,0,0.004,0.002,0.005
1970,pennsylvania,62648,3132400,168146.779,78946.456,0.213,0.086,0.035,0.014,0.523,0.087,0.718,318479.537,338307.626,3789.024,65265.838,73530.594,0.648,0.352,NA,NA,0.204,0.908,0.089,0,0.218,3.114,49.251,285.13,0.001,0,0,0,0.001,0,0.001,0.001,0.004
1970,rhode island,4186,209300,173715.223,72473.185,0.226,0.091,0.037,0.015,0.55,0.06,0.757,366817.903,369315.65,0,65606.419,73820.095,0.505,0.495,NA,NA,0.21,0.972,0.024,0,0.233,3.051,49.408,2318.622,0.005,0.002,0.001,0,0.006,0.001,0.008,0.004,0.002
1970,south carolina,7675,383750,128160.856,51817.179,0.228,0.092,0.037,0.015,0.567,0.056,0.759,251148.366,282327.673,-3765.784,54077.385,68740.578,0.582,0.418,NA,NA,0.223,0.715,0.284,0,0.225,3.47,45.709,546.632,0.002,0.001,0,0,0.002,0,0.002,0.002,0.006
1970,tennessee,10001,500050,128221.013,55556.493,0.223,0.09,0.037,0.015,0.55,0.069,0.742,272123.831,273053.025,0,55432.217,64548.235,0.612,0.388,NA,NA,0.222,0.881,0.117,0,0.209,3.151,47.248,634.178,0.002,0.001,0,0,0.002,0,0.003,0.002,0.005
1970,texas,55504,2775200,156902.734,58181.056,0.236,0.096,0.039,0.016,0.575,0.059,0.769,360351.02,330482.38,-3348.956,63644.106,64611.348,0.607,0.393,NA,NA,0.292,0.876,0.12,0.001,0.199,3.233,46.149,1017.5,0.002,0.001,0,0,0.003,0,0.004,0.002,0.003
1970,utah,4272,213600,172817.01,86443.628,0.198,0.08,0.032,0.013,0.502,0.085,0.705,311675.007,360082.101,-2689.142,66487.279,90983.197,0.652,0.348,NA,NA,0.412,0.98,0.008,0,0.174,3.502,45.029,3434.155,0.009,0.004,0.002,0.001,0.01,0.002,0.012,0.007,0.01
1970,virginia,18409,920450,203510.147,74530.554,0.233,0.094,0.038,0.015,0.574,0.054,0.764,356735.234,441937.433,-4100.064,73478.158,87870.981,0.555,0.445,NA,NA,0.332,0.831,0.164,0,0.202,3.197,44.253,1196.577,0.002,0.001,0,0,0.003,0,0.003,0.001,0.003
1970,washington,15819,790950,216147.298,101776.196,0.206,0.083,0.034,0.014,0.513,0.08,0.716,401249.631,446985.372,0,70602,97734.977,0.635,0.365,NA,NA,0.351,0.956,0.024,0,0.207,2.965,46.626,2003.185,0.004,0.001,0.001,0,0.005,0.001,0.006,0.003,0.005
1970,west virginia,3166,158300,130875.466,58193.148,0.21,0.085,0.034,0.014,0.525,0.071,0.722,226667.041,280224.46,0,52322.096,65853.436,0.624,0.376,NA,NA,0.23,0.965,0.034,0,0.212,3.021,49.641,1291.796,0.006,0.002,0.001,0,0.005,0.001,0.006,0.005,0.009
1970,wisconsin,17368,868400,193758.314,97652.809,0.201,0.081,0.033,0.013,0.501,0.089,0.704,339942.654,392179.761,5891.015,71197.389,86672.334,0.609,0.391,NA,NA,0.267,0.963,0.032,0,0.201,3.224,47.299,1735.769,0.003,0.001,0.001,0,0.004,0.001,0.005,0.002,0.005
1980,alabama,64424,1073733.333,177904.685,69229.807,0.207,0.077,0.029,0.011,0.551,0.058,0.752,442264.389,396530.36,2527.804,60220.585,89845.933,0.634,0.366,0.249,0.386,0.313,0.759,0.235,0,0.287,2.849,47.276,1693.265,0.007,0.005,0.002,0.001,0.004,0.001,0.005,0.008,0.017
1980,alaska,6383,106383.333,280330.41,101491.519,0.197,0.074,0.028,0.01,0.535,0.05,0.743,970936.957,656320.153,0,103518.433,135146.823,0.485,0.515,0.136,0.348,0.473,0.819,0.036,0.003,0.205,2.976,38.321,6466.185,0.014,0.006,0.002,0.001,0.011,0.001,0.014,0.011,0.015
1980,arizona,46489,774816.667,279459.62,109477.691,0.2,0.075,0.028,0.011,0.538,0.057,0.743,671934.625,636758.9,4876.149,71041.423,136468.525,0.613,0.387,0.166,0.447,0.466,0.923,0.029,0.008,0.242,2.859,45.067,4902.084,0.009,0.004,0.002,0.001,0.008,0.001,0.008,0.008,0.015
1980,arkansas,37859,630983.333,174358.042,64816.525,0.212,0.079,0.03,0.011,0.562,0.055,0.763,505088.401,392780.848,2461.451,54578.477,81941.066,0.633,0.367,0.278,0.354,0.278,0.837,0.154,0,0.276,2.731,48.365,1310.457,0.004,0.003,0.001,0,0.003,0,0.004,0.004,0.015
1980,california,454008,7566800,374350.912,117692.537,0.203,0.076,0.029,0.011,0.547,0.035,0.754,982059.196,915484.067,3229.881,78093.806,183127.268,0.502,0.498,0.111,0.391,0.484,0.86,0.078,0.01,0.288,2.716,44.743,15109.333,0.007,0.003,0.001,0,0.012,0.001,0.009,0.006,0.014
1980,colorado,53976,899600,288729.363,114948.322,0.195,0.072,0.027,0.01,0.53,0.056,0.736,704773.433,655503.671,4600.753,76134.03,144973.745,0.586,0.414,0.141,0.445,0.507,0.943,0.037,0.005,0.257,2.678,42.894,6363.922,0.015,0.008,0.003,0.001,0.01,0.001,0.013,0.014,0.017
1980,connecticut,55375,922916.667,381982.738,168688.956,0.198,0.074,0.028,0.01,0.522,0.059,0.74,1456795.249,850134.426,6047.224,85260.351,181462.594,0.585,0.415,0.179,0.406,0.407,0.923,0.068,0.001,0.294,2.784,47.41,19091.731,0.012,0.005,0.002,0.001,0.02,0.003,0.021,0.009,0.017
1980,delaware,10645,177416.667,267643.939,108846.779,0.195,0.072,0.027,0.01,0.532,0.066,0.73,476922.25,598316.781,5410.713,76045.077,114508.685,0.648,0.352,0.215,0.433,0.384,0.841,0.15,0.002,0.281,2.785,46.191,5963.785,0.017,0.01,0.004,0.001,0.01,0.001,0.012,0.017,0.021
1980,district of columbia,13599,226650,252180.829,29424.359,0.247,0.093,0.035,0.013,0.649,0.018,0.833,886604.351,642457.063,0,72331.236,94816.947,0.289,0.711,0.108,0.181,0.442,0.318,0.665,0.003,0.495,2.41,46.231,21659.02,0.018,0.007,0.003,0.001,0.028,0.002,0.032,0.014,0.012
1980,florida,175037,2917283.333,274368.406,100620.588,0.205,0.077,0.029,0.011,0.55,0.054,0.755,746649.499,627752.012,4611.346,66171.168,115525.725,0.601,0.399,0.195,0.406,0.379,0.862,0.126,0.003,0.289,2.637,48.824,6320.442,0.007,0.004,0.001,0.001,0.01,0.001,0.009,0.006,0.014
1980,georgia,92207,1536783.333,181280.332,62422.179,0.216,0.08,0.03,0.011,0.574,0.049,0.773,709640.697,413765.149,2240.591,65793.206,90032.488,0.583,0.417,0.184,0.398,0.339,0.74,0.253,0.001,0.309,2.844,45.257,2738.718,0.009,0.006,0.002,0.001,0.006,0.001,0.008,0.009,0.016
1980,hawaii,14993,249883.333,426447.191,95097.696,0.199,0.075,0.028,0.01,0.543,0.025,0.744,729211.031,1083907.018,0,83946.433,194249.817,0.429,0.571,0.122,0.307,0.413,0.405,0.017,0.029,0.225,3.188,44.46,22451.465,0.018,0.007,0.003,0.001,0.015,0.001,0.019,0.014,0.013
1980,idaho,15125,252083.333,227531.314,100559.327,0.187,0.069,0.026,0.01,0.514,0.071,0.722,1083103.917,504413.139,3840.465,63863.557,115863.333,0.646,0.354,0.213,0.433,0.439,0.978,0.004,0.003,0.221,2.855,44.436,6190.659,0.02,0.011,0.004,0.002,0.014,0.002,0.018,0.018,0.021
1980,illinois,202330,3372166.667,280995.553,105829.266,0.201,0.075,0.028,0.011,0.534,0.053,0.748,909432.344,635089.648,4262.373,78944.889,125911.209,0.565,0.435,0.203,0.361,0.37,0.848,0.135,0.002,0.288,2.777,46.371,3094.397,0.002,0.001,0,0,0.005,0.001,0.004,0.002,0.01
1980,indiana,95998,1599966.667,217770.119,96155.059,0.188,0.07,0.026,0.01,0.51,0.075,0.714,471429.845,477805.389,5971.171,71579.843,100475.873,0.667,0.333,0.216,0.451,0.302,0.919,0.075,0,0.265,2.772,46.135,2789.928,0.01,0.005,0.002,0.001,0.006,0.001,0.008,0.009,0.019
1980,iowa,50049,834150,247811.81,115004.807,0.182,0.067,0.025,0.009,0.501,0.081,0.699,416717.247,538051.557,6994.384,67211.098,101653.847,0.655,0.345,0.283,0.371,0.341,0.979,0.015,0.001,0.265,2.645,47.378,6482.367,0.02,0.012,0.004,0.002,0.014,0.002,0.017,0.018,0.024
1980,kansas,43249,720816.667,242383.465,96000.992,0.201,0.075,0.028,0.011,0.538,0.064,0.741,566730.343,543370.46,5023.051,68865.765,100089.438,0.645,0.355,0.268,0.377,0.407,0.933,0.053,0.001,0.261,2.602,46.879,2778.108,0.006,0.004,0.001,0,0.005,0.001,0.006,0.006,0.015
1980,kentucky,57855,964250,180549.33,68935.405,0.204,0.076,0.028,0.011,0.547,0.058,0.748,436808.811,410009.034,2045.58,61130.597,86670.954,0.62,0.38,0.255,0.365,0.275,0.918,0.077,0,0.269,2.808,46.627,1917.657,0.009,0.006,0.002,0.001,0.005,0.001,0.006,0.008,0.017
1980,louisiana,70699,1178316.667,214776.729,76334.216,0.212,0.079,0.03,0.011,0.56,0.048,0.77,725599.146,489523.359,0,66297.012,105754.733,0.593,0.407,0.236,0.357,0.319,0.717,0.273,0.001,0.286,2.904,45.538,2913.361,0.003,0.001,0,0,0.006,0.001,0.007,0.002,0.011
1980,maine,17845,297416.667,183523.32,86163.497,0.185,0.068,0.025,0.01,0.506,0.072,0.71,343265.503,402036.231,3496.764,56103.976,88795.636,0.621,0.379,0.26,0.361,0.336,0.991,0.003,0,0.286,2.73,47.206,3442.624,0.014,0.01,0.004,0.001,0.01,0.001,0.012,0.014,0.021
1980,maryland,77406,1290100,296301.32,113231.855,0.196,0.073,0.027,0.01,0.532,0.054,0.737,623081.972,677553.461,5636.085,82809.986,134653.473,0.576,0.424,0.186,0.39,0.404,0.768,0.216,0.001,0.295,2.827,45.851,5910.853,0.014,0.007,0.003,0.001,0.009,0.001,0.01,0.012,0.016
1980,massachusetts,102118,1701966.667,235362.503,87730.386,0.199,0.074,0.028,0.01,0.536,0.05,0.746,567069.827,532316.539,3626.765,72793.877,101268.992,0.51,0.49,0.161,0.349,0.411,0.949,0.038,0.001,0.326,2.702,47.766,2256.402,0.008,0.004,0.002,0.001,0.004,0,0.006,0.007,0.014
1980,michigan,161532,2692200,232693.357,103718.117,0.187,0.07,0.026,0.01,0.505,0.076,0.714,555794.928,508402.198,5005.364,79270.027,110852.254,0.679,0.321,0.243,0.436,0.361,0.861,0.128,0.001,0.276,2.845,45.678,2248.122,0.006,0.004,0.001,0.001,0.005,0.001,0.006,0.006,0.017
1980,minnesota,68016,1133600,269620.729,132710.308,0.18,0.067,0.025,0.009,0.487,0.081,0.697,583828.382,575348.059,6519.143,74421.576,132598.581,0.651,0.349,0.227,0.424,0.414,0.971,0.014,0.001,0.275,2.685,46.166,3683.271,0.007,0.004,0.002,0.001,0.007,0.001,0.008,0.007,0.017
1980,mississippi,37798,629966.667,156772.109,59771.064,0.211,0.077,0.029,0.011,0.563,0.056,0.757,351063.579,350717.424,1763.897,54688.462,81401.778,0.626,0.374,0.251,0.375,0.31,0.674,0.319,0,0.299,2.992,47.364,2112.61,0.011,0.009,0.003,0.001,0.006,0.001,0.008,0.012,0.019
1980,missouri,87282,1454700,220887.615,86384.149,0.2,0.075,0.028,0.011,0.537,0.062,0.742,596081.644,493770.924,4472.91,66485.462,95374.517,0.631,0.369,0.25,0.381,0.338,0.891,0.101,0,0.287,2.653,47.77,2172.19,0.007,0.004,0.001,0.001,0.005,0.001,0.005,0.006,0.015
1980,montana,12681,211350,215802.698,94597.794,0.184,0.068,0.026,0.01,0.508,0.064,0.714,375424.576,482646.569,3381.781,62309.379,102230.006,0.59,0.41,0.246,0.344,0.426,0.96,0.002,0.001,0.255,2.656,45.875,5704.338,0.019,0.01,0.003,0.001,0.014,0.002,0.017,0.017,0.021
1980,nebraska,28029,467150,213955.977,92302.009,0.187,0.068,0.026,0.01,0.516,0.071,0.714,388061.458,478923.543,5181.835,65117.343,91140.069,0.624,0.376,0.268,0.356,0.384,0.958,0.031,0.002,0.271,2.639,46.945,5789.81,0.019,0.012,0.005,0.002,0.014,0.002,0.018,0.018,0.023
1980,nevada,14814,246900,271320.59,92297.003,0.209,0.078,0.029,0.011,0.556,0.045,0.763,709177.485,620318.462,5786.386,77915.972,143603.556,0.515,0.485,0.091,0.423,0.414,0.904,0.062,0.005,0.246,2.639,43.12,6908.069,0.004,0.002,0.001,0,0.011,0.001,0.01,0.003,0.011
1980,new hampshire,14773,246216.667,228289.704,104851.363,0.182,0.067,0.025,0.009,0.502,0.071,0.705,378218.746,505728.646,6327.278,68278.747,110169.248,0.596,0.404,0.183,0.412,0.397,0.991,0.005,0,0.266,2.746,45.762,6136.478,0.02,0.011,0.004,0.002,0.014,0.002,0.018,0.018,0.023
1980,new jersey,132013,2200216.667,317225.422,130892.558,0.197,0.074,0.028,0.01,0.521,0.058,0.736,945363.917,700878.897,5696.429,83373.552,148471.226,0.571,0.429,0.195,0.376,0.37,0.866,0.118,0.002,0.293,2.841,47.971,4563.109,0.004,0.002,0.001,0,0.006,0.001,0.006,0.003,0.01
1980,new mexico,21170,352833.333,234268.613,85880.152,0.201,0.074,0.028,0.01,0.549,0.05,0.751,567220.734,556473.921,0,63923.234,108941.797,0.613,0.387,0.226,0.386,0.414,0.909,0.02,0.017,0.252,2.89,44.779,5686.019,0.017,0.009,0.003,0.001,0.011,0.001,0.015,0.016,0.018
1980,new york,322000,5366666.667,210900.639,59948.616,0.218,0.081,0.031,0.011,0.576,0.036,0.782,659524.738,493244.733,0,72041.502,76677.246,0.403,0.597,0.138,0.264,0.377,0.84,0.138,0.004,0.348,2.668,47.773,3175.428,0.004,0.001,0,0,0.006,0.001,0.007,0.002,0.01
1980,north carolina,98603,1643383.333,182865.169,70260.472,0.206,0.077,0.029,0.011,0.55,0.057,0.752,495818.6,409022.86,3143.395,61448.773,91408.696,0.612,0.388,0.241,0.371,0.324,0.782,0.206,0.001,0.282,2.793,46.152,2003.172,0.008,0.005,0.002,0.001,0.005,0.001,0.006,0.007,0.016
1980,north dakota,9323,155383.333,214927.624,91031.739,0.185,0.068,0.025,0.01,0.512,0.065,0.715,372658.428,488918.683,3542.16,62625.199,90891.706,0.585,0.415,0.272,0.313,0.407,0.97,0.004,0,0.251,2.683,46.599,6648.398,0.022,0.012,0.004,0.002,0.016,0.002,0.02,0.019,0.022
1980,ohio,196898,3281633.333,240148.109,106558.965,0.186,0.069,0.026,0.01,0.504,0.068,0.717,611875.951,529602.521,4329.593,71852.585,114427.771,0.637,0.363,0.235,0.402,0.322,0.892,0.102,0,0.282,2.763,46.528,3415.557,0.008,0.005,0.002,0.001,0.007,0.001,0.009,0.008,0.016
1980,oklahoma,54779,912983.333,203910.382,77207.13,0.209,0.078,0.029,0.011,0.554,0.059,0.758,593602.859,455496.276,3057.478,64070.943,96245.141,0.648,0.352,0.246,0.402,0.384,0.883,0.067,0.001,0.272,2.609,46.843,2256.274,0.003,0.002,0.001,0,0.005,0.001,0.006,0.003,0.014
1980,oregon,49427,823783.333,274630.698,118700.181,0.187,0.069,0.026,0.01,0.511,0.059,0.72,570448.06,612070.399,4293.794,70173.899,132014.301,0.587,0.413,0.184,0.403,0.459,0.961,0.015,0.002,0.266,2.606,45.004,6409.159,0.016,0.008,0.003,0.001,0.012,0.001,0.015,0.014,0.018
1980,pennsylvania,215720,3595333.333,231937.914,109303.698,0.183,0.068,0.025,0.01,0.497,0.077,0.707,592721.221,498454.303,5431.805,69779.729,102105.262,0.654,0.346,0.31,0.344,0.287,0.905,0.089,0.001,0.29,2.737,49.035,3061.873,0.01,0.006,0.002,0.001,0.007,0.001,0.009,0.009,0.018
1980,rhode island,16492,274866.667,222889.296,87708.668,0.195,0.073,0.027,0.01,0.527,0.049,0.742,514431.52,503343.829,3130.476,65699.709,99663.54,0.525,0.475,0.186,0.339,0.334,0.958,0.028,0.002,0.306,2.686,48.453,1828.09,0.007,0.004,0.002,0.001,0.004,0,0.005,0.007,0.014
1980,south carolina,49781,829683.333,180487.591,70466.958,0.208,0.077,0.029,0.011,0.554,0.06,0.753,458719.848,399955.271,3242.288,62339.345,92830.49,0.635,0.365,0.238,0.397,0.321,0.733,0.26,0.001,0.291,2.93,45.995,2102.312,0.008,0.007,0.003,0.001,0.005,0.001,0.007,0.009,0.018
1980,south dakota,10888,181466.667,186209.452,76818.762,0.185,0.067,0.025,0.009,0.516,0.064,0.717,311624.96,429424.788,3246.804,56469.41,80760.491,0.594,0.406,0.283,0.312,0.365,0.95,0.003,0.001,0.272,2.668,47.584,5903.012,0.023,0.014,0.006,0.002,0.016,0.002,0.021,0.021,0.023
1980,tennessee,78451,1307516.667,179025.968,69060.262,0.204,0.075,0.028,0.011,0.548,0.058,0.748,412885.903,404668.705,2846.423,60849.293,90573.591,0.619,0.381,0.239,0.381,0.307,0.839,0.155,0,0.281,2.767,46.44,2561.055,0.011,0.008,0.003,0.001,0.007,0.001,0.009,0.011,0.018
1980,texas,254219,4236983.333,216242.707,72189.712,0.218,0.081,0.031,0.011,0.575,0.05,0.777,722205.824,492846.488,3866.403,72371.2,100373.82,0.591,0.409,0.21,0.381,0.409,0.866,0.117,0.006,0.254,2.825,44.606,4612.439,0.005,0.002,0.001,0,0.009,0.001,0.01,0.003,0.011
1980,utah,23220,387000,268494.547,125946.322,0.184,0.069,0.026,0.01,0.497,0.074,0.705,511813.536,580760.015,5047.753,71974.362,153800.71,0.664,0.336,0.193,0.471,0.523,0.968,0.008,0.003,0.206,3.247,42.824,3673.701,0.008,0.004,0.001,0.001,0.007,0.001,0.009,0.007,0.016
1980,vermont,7779,129650,205264.39,92194.607,0.185,0.068,0.025,0.01,0.509,0.066,0.714,353183.023,453126.573,4257.738,59219.229,93859.986,0.581,0.419,0.207,0.373,0.382,0.992,0.003,0.001,0.289,2.702,45.864,5090.356,0.019,0.012,0.004,0.002,0.013,0.002,0.016,0.018,0.022
1980,virginia,93881,1564683.333,251151.656,92412.755,0.202,0.075,0.028,0.011,0.549,0.056,0.747,530070.87,578264.439,4616.115,74526.703,121491.687,0.596,0.404,0.185,0.411,0.406,0.811,0.174,0.002,0.275,2.784,45.009,6186.371,0.016,0.009,0.003,0.001,0.011,0.001,0.014,0.015,0.019
1980,washington,78586,1309766.667,290022.847,123068.048,0.189,0.07,0.026,0.01,0.514,0.06,0.721,603302.75,650157.531,3933.636,73974.171,143451.771,0.602,0.398,0.18,0.422,0.463,0.939,0.026,0.002,0.264,2.62,44.651,6277.278,0.014,0.007,0.002,0.001,0.011,0.001,0.014,0.012,0.017
1980,west virginia,30673,511216.667,210910.101,95362.938,0.187,0.069,0.026,0.01,0.508,0.069,0.717,553098.258,458683.173,3624.9,62089.646,100931.741,0.663,0.337,0.359,0.304,0.255,0.958,0.037,0,0.27,2.761,48.724,3508.568,0.013,0.007,0.003,0.001,0.008,0.001,0.011,0.012,0.019
1980,wisconsin,80555,1342583.333,252561.236,117317.23,0.181,0.067,0.025,0.009,0.493,0.073,0.705,681136.929,549426.595,5647.439,71883.26,116249.877,0.615,0.385,0.251,0.365,0.352,0.953,0.037,0.001,0.266,2.735,46.325,5173.282,0.013,0.006,0.002,0.001,0.011,0.002,0.013,0.011,0.018
1980,wyoming,7199,119983.333,258954.393,117943.651,0.186,0.069,0.026,0.01,0.507,0.069,0.712,450526.15,579346.175,5686.317,78527.523,131038.595,0.594,0.406,0.188,0.406,0.451,0.972,0.008,0.005,0.201,2.734,42.724,4658.602,0.014,0.007,0.003,0.001,0.009,0.001,0.012,0.012,0.019
1990,alabama,88188,1509489.333,240504.126,69515.672,0.264,0.111,0.047,0.02,0.625,0.047,0.798,502893.902,519106.034,0,63467.026,86877.737,0.704,0.296,0.309,0.395,0.196,0.778,0.214,0.001,0.319,2.667,49.906,7249.167,0.008,0.004,0.001,0.001,0.011,0.001,0.012,0.006,0.01
1990,alaska,11599,189028,337619.717,145178.811,0.214,0.09,0.038,0.016,0.521,0.091,0.7,489475.342,687237.568,20869.042,100305.297,111308.907,0.558,0.442,0.154,0.404,0.286,0.742,0.026,0.011,0.266,2.977,41.923,14006.685,0.025,0.011,0.005,0.002,0.022,0.004,0.027,0.02,0.023
1990,arizona,79493,1371543.833,296992.127,90622.283,0.254,0.107,0.045,0.019,0.603,0.046,0.787,645941.254,657829.711,0,72052.497,114609.042,0.642,0.358,0.21,0.432,0.29,0.859,0.025,0.067,0.3,2.701,48.301,8506.071,0.006,0.003,0.001,0,0.011,0.001,0.009,0.005,0.009
1990,arkansas,51968,879287.5,280659.119,71458.493,0.269,0.114,0.048,0.02,0.639,0.038,0.809,592274.613,643232.343,0,57732.31,75727.262,0.695,0.305,0.326,0.369,0.154,0.86,0.128,0.002,0.297,2.603,50.932,13252.327,0.008,0.004,0.002,0.001,0.017,0.002,0.014,0.007,0.009
1990,california,614734,10526111.5,533949.128,164074.554,0.241,0.102,0.043,0.018,0.572,0.038,0.757,1100609.592,1300634.607,0,91657.745,254306.335,0.554,0.446,0.142,0.412,0.338,0.759,0.063,0.092,0.312,2.885,47.314,38247.77,0.005,0.002,0.001,0,0.013,0.003,0.01,0.004,0.017
1990,colorado,78860,1282790,290823.394,93434.094,0.247,0.104,0.044,0.019,0.59,0.05,0.774,548831.534,638538.584,1535.564,76216.741,119401.647,0.623,0.377,0.163,0.46,0.343,0.912,0.029,0.041,0.298,2.566,46.377,6439.058,0.009,0.004,0.002,0.001,0.009,0.001,0.009,0.007,0.01
1990,connecticut,71656,1236974.333,664791.755,308071.461,0.223,0.094,0.04,0.017,0.529,0.069,0.71,1322906.531,1468695.562,7487.162,104458.683,294003.359,0.655,0.345,0.208,0.447,0.36,0.909,0.059,0.019,0.331,2.647,49.413,44074.694,0.005,0.002,0.001,0,0.012,0.005,0.009,0.004,0.024
1990,delaware,13063,222510.5,374047.053,137616.373,0.234,0.099,0.042,0.018,0.56,0.06,0.745,613683.642,799062.372,7005.882,83975.793,159792.98,0.707,0.293,0.262,0.446,0.274,0.839,0.14,0.008,0.316,2.651,48.807,9771.338,0.011,0.005,0.002,0.001,0.01,0.002,0.013,0.009,0.012
1990,district of columbia,14976,251973.667,370423.384,55604.026,0.276,0.117,0.049,0.021,0.651,0.013,0.83,1239987.658,972581.763,-5267.625,87107.131,157244.194,0.391,0.609,0.125,0.266,0.403,0.366,0.599,0.016,0.524,2.352,48.576,38920.03,0.014,0.006,0.003,0.001,0.028,0.001,0.026,0.011,0.018
1990,florida,318257,5164938.5,332259.627,104160.864,0.251,0.106,0.045,0.019,0.593,0.052,0.785,965944.348,726674.353,4998.059,71606.46,126100.623,0.672,0.328,0.254,0.418,0.268,0.872,0.103,0.014,0.326,2.499,51.622,12839.608,0.007,0.003,0.001,0,0.014,0.002,0.013,0.005,0.011
1990,georgia,146132,2375281,252564.366,73407.251,0.261,0.11,0.047,0.02,0.618,0.045,0.801,699985.583,551969.272,0,73748.113,112099.787,0.649,0.351,0.215,0.434,0.235,0.744,0.243,0.004,0.34,2.729,47.296,6666.946,0.005,0.002,0.001,0,0.01,0.001,0.01,0.004,0.007
1990,hawaii,21246,360099.667,610121.112,230123.415,0.228,0.096,0.041,0.017,0.546,0.044,0.724,768493.794,1357358.089,4538.175,95949.559,281755.892,0.542,0.458,0.154,0.388,0.322,0.373,0.02,0.037,0.254,3.132,48.567,44284.08,0.014,0.006,0.002,0.001,0.019,0.003,0.022,0.011,0.013
1990,idaho,21382,358666.667,268809.662,90090.406,0.247,0.104,0.044,0.019,0.588,0.056,0.773,614636.498,581946.448,5634.562,64998.814,97550.445,0.701,0.299,0.271,0.43,0.241,0.958,0.003,0.021,0.244,2.76,48.73,4956.461,0.008,0.003,0.001,0.001,0.007,0.001,0.008,0.006,0.01
1990,illinois,257727,4212407.5,350497.437,118521.104,0.246,0.104,0.044,0.019,0.582,0.05,0.775,872376.512,768183.719,0,81470.3,136298.92,0.643,0.357,0.243,0.4,0.263,0.863,0.095,0.024,0.31,2.687,49.447,10686.3,0.005,0.002,0.001,0,0.011,0.002,0.009,0.004,0.01
1990,indiana,124571,2067172,243926.956,86917.949,0.239,0.101,0.043,0.018,0.571,0.061,0.759,511332.799,522408.695,4907.028,70213.949,91997.094,0.701,0.299,0.267,0.434,0.206,0.931,0.057,0.005,0.294,2.633,48.971,3066.918,0.009,0.004,0.002,0.001,0.006,0.001,0.007,0.007,0.012
1990,iowa,63376,1043336.5,284077.479,97114.985,0.241,0.102,0.043,0.018,0.577,0.059,0.762,544312.486,603734.827,6349.146,65356.26,80246.187,0.7,0.3,0.327,0.374,0.219,0.982,0.009,0.002,0.287,2.508,51.146,6109.972,0.012,0.005,0.002,0.001,0.009,0.001,0.01,0.009,0.012
1990,kansas,58105,941600.167,247566.428,83666.525,0.241,0.102,0.043,0.018,0.578,0.057,0.766,506653.039,534359.213,4785.384,68629.406,84606.08,0.681,0.319,0.284,0.396,0.246,0.937,0.036,0.012,0.283,2.534,50.131,3996.083,0.011,0.005,0.002,0.001,0.007,0.001,0.009,0.009,0.012
1990,kentucky,80221,1366512.5,201954.381,65994.393,0.245,0.103,0.044,0.018,0.59,0.053,0.773,404449.634,442141.006,0,59207.14,81761.865,0.697,0.303,0.325,0.372,0.186,0.934,0.061,0.001,0.302,2.615,49.188,4130.635,0.015,0.007,0.003,0.001,0.009,0.001,0.012,0.013,0.015
1990,louisiana,89115,1508112.5,199838.386,58592.789,0.263,0.111,0.047,0.02,0.621,0.043,0.8,507403.472,433923.948,0,58864.666,83844.92,0.662,0.338,0.302,0.359,0.19,0.72,0.266,0.004,0.334,2.794,48.638,2782.799,0.005,0.002,0.001,0,0.005,0.001,0.006,0.004,0.009
1990,maine,27834,459327.667,359258.29,135604.168,0.236,0.1,0.042,0.018,0.565,0.06,0.752,688400.163,778633.462,4735.063,68190.26,144207.76,0.703,0.297,0.287,0.415,0.244,0.989,0.003,0.001,0.293,2.63,48.828,9747.85,0.009,0.004,0.002,0.001,0.01,0.002,0.011,0.007,0.011
1990,maryland,106638,1746416.667,430180.502,152534.885,0.24,0.101,0.043,0.018,0.57,0.054,0.758,884771.928,970689.017,2677.031,95582.737,194890.796,0.65,0.35,0.187,0.463,0.338,0.769,0.201,0.007,0.328,2.706,47.867,19096.009,0.005,0.002,0.001,0,0.013,0.002,0.009,0.004,0.013
1990,massachusetts,139242,2264103.333,524187.352,234716.96,0.226,0.095,0.04,0.017,0.538,0.056,0.725,919104.044,1100742.501,1078.316,92081.961,228789.942,0.589,0.411,0.192,0.397,0.358,0.929,0.036,0.015,0.359,2.68,49.105,17426.568,0.007,0.003,0.001,0.001,0.01,0.002,0.011,0.005,0.013
1990,michigan,201115,3435251.167,291263.082,104486.536,0.242,0.102,0.043,0.018,0.573,0.059,0.773,954346.151,615912.799,0,78532.476,106480.935,0.71,0.29,0.275,0.435,0.231,0.889,0.092,0.006,0.299,2.712,48.572,4295.842,0.003,0.001,0.001,0,0.006,0.001,0.005,0.002,0.007
1990,minnesota,99621,1631766.5,296562.744,114742.852,0.233,0.098,0.042,0.018,0.554,0.07,0.75,736809.548,615989.243,6992.894,76100.166,122166.442,0.717,0.283,0.243,0.474,0.267,0.971,0.01,0.003,0.257,2.667,49.016,2431.851,0.004,0.002,0.001,0,0.004,0.001,0.004,0.003,0.008
1990,mississippi,56438,911970,183956.846,57550.771,0.264,0.112,0.047,0.02,0.618,0.053,0.808,902533.129,386314.369,0,57028.856,75715.218,0.715,0.285,0.326,0.389,0.186,0.67,0.324,0.001,0.357,2.807,50.11,2696.697,0.004,0.002,0.001,0,0.006,0.001,0.007,0.003,0.006
1990,missouri,118281,1963160.833,264762.745,87362.473,0.246,0.104,0.044,0.019,0.586,0.053,0.774,556485.994,570989.714,2265.25,67170.801,98819.36,0.688,0.312,0.288,0.4,0.212,0.914,0.074,0.003,0.31,2.539,50.153,3649.65,0.006,0.002,0.001,0,0.006,0.001,0.006,0.004,0.009
1990,montana,18051,305326.833,254338.772,86874.692,0.241,0.102,0.043,0.018,0.579,0.054,0.764,448139.533,553692.216,2777.475,57698.713,86188.152,0.672,0.328,0.3,0.372,0.243,0.937,0.002,0.004,0.287,2.565,49.567,5586.716,0.014,0.006,0.003,0.001,0.009,0.001,0.012,0.011,0.014
1990,nebraska,36080,599796,266558.745,87060.401,0.251,0.106,0.045,0.019,0.593,0.054,0.781,630162.042,569193.405,5294.978,65145.674,79103.991,0.665,0.335,0.296,0.369,0.233,0.961,0.021,0.007,0.277,2.545,50.605,5421.9,0.004,0.002,0.001,0,0.008,0.001,0.008,0.003,0.008
1990,nevada,27989,466903.333,310823.556,80223.732,0.264,0.112,0.047,0.02,0.624,0.036,0.804,714457.718,713527.568,0,77685.424,113771.318,0.547,0.453,0.144,0.402,0.23,0.87,0.05,0.036,0.286,2.614,46.945,15268.137,0.008,0.003,0.001,0.001,0.017,0.002,0.015,0.006,0.01
1990,new hampshire,24640,401591.667,466040.71,196687.998,0.229,0.097,0.041,0.017,0.545,0.068,0.733,940689.33,1004970.008,9384.482,85460.331,197387.752,0.68,0.32,0.212,0.468,0.332,0.987,0.004,0.002,0.278,2.665,47.127,15366.68,0.005,0.002,0.001,0,0.009,0.002,0.008,0.004,0.013
1990,new jersey,174643,2803869.833,580225.282,249671.617,0.226,0.095,0.04,0.017,0.536,0.064,0.716,870699.891,1261362.157,5765.492,100862.695,252169.938,0.649,0.351,0.219,0.429,0.318,0.847,0.099,0.027,0.316,2.764,49.979,27809.085,0.005,0.002,0.001,0,0.009,0.003,0.008,0.004,0.015
1990,new mexico,33634,543030,256907.707,75195.264,0.252,0.106,0.045,0.019,0.607,0.046,0.785,515362.404,580060.305,0,61843.913,102661.764,0.674,0.326,0.277,0.397,0.265,0.802,0.016,0.106,0.289,2.796,47.852,7150.991,0.016,0.007,0.003,0.001,0.011,0.001,0.014,0.013,0.013
1990,new york,402826,6702568.667,449342.777,128913.313,0.25,0.106,0.045,0.019,0.591,0.03,0.784,1294597.522,1076884.756,0,87399.587,174516.829,0.521,0.479,0.192,0.329,0.3,0.833,0.103,0.035,0.351,2.717,49.892,29459.559,0.008,0.004,0.002,0.001,0.018,0.002,0.015,0.007,0.019
1990,north carolina,154697,2526855,243537.392,77349.196,0.251,0.106,0.045,0.019,0.6,0.05,0.781,488482.809,532055.1,861.342,66875.559,102349.125,0.681,0.319,0.278,0.402,0.24,0.787,0.196,0.003,0.324,2.561,48.659,5028.805,0.011,0.005,0.002,0.001,0.008,0.001,0.01,0.009,0.012
1990,north dakota,13916,232916.667,235806.702,82668.427,0.232,0.097,0.041,0.017,0.567,0.058,0.752,391751.379,512430.484,3031.898,58622.895,67537.37,0.658,0.342,0.327,0.332,0.247,0.965,0.004,0.001,0.252,2.55,50.991,8872.91,0.026,0.013,0.005,0.002,0.017,0.002,0.023,0.023,0.02
1990,ohio,241794,4070238.667,264454.027,95725.874,0.237,0.1,0.042,0.018,0.567,0.058,0.761,612818.097,563944.765,0,70997.347,103304.055,0.675,0.325,0.263,0.411,0.22,0.903,0.085,0.004,0.317,2.627,49.079,3177.019,0.008,0.003,0.001,0.001,0.005,0.001,0.007,0.006,0.01
1990,oklahoma,71623,1207476.5,207192.63,63742.011,0.253,0.107,0.045,0.019,0.604,0.051,0.786,500449.169,447571.682,0,60926.048,77897.109,0.679,0.321,0.291,0.389,0.222,0.857,0.055,0.011,0.301,2.575,49.772,3257.244,0.011,0.005,0.002,0.001,0.006,0.001,0.008,0.009,0.012
1990,oregon,65410,1104372.333,284396.12,97875.31,0.243,0.103,0.043,0.018,0.578,0.053,0.77,628034.311,613359.499,3176.72,68258.422,102722.897,0.629,0.371,0.225,0.404,0.276,0.947,0.011,0.012,0.299,2.556,49.19,3520.315,0.005,0.002,0.001,0,0.005,0.001,0.005,0.004,0.008
1990,pennsylvania,268650,4504967,318269.273,122391.229,0.234,0.099,0.042,0.018,0.558,0.064,0.751,707335.31,666244.664,2526.631,72987.329,128557.398,0.706,0.294,0.333,0.373,0.221,0.936,0.052,0.005,0.298,2.627,50.781,4023.469,0.005,0.002,0.001,0,0.005,0.001,0.006,0.004,0.009
1990,rhode island,22073,378763.667,434241.254,187237.734,0.227,0.096,0.041,0.017,0.541,0.054,0.736,821570.461,898909.039,2075.298,78512.047,187498.516,0.594,0.406,0.216,0.378,0.282,0.938,0.028,0.013,0.342,2.61,49.884,7221.248,0.006,0.003,0.001,0,0.007,0.001,0.008,0.005,0.01
1990,south carolina,73363,1266030,215867.458,70026.22,0.253,0.107,0.045,0.019,0.601,0.054,0.782,488199.307,466763.886,0,64881.094,96012.024,0.699,0.301,0.286,0.413,0.228,0.727,0.266,0.002,0.339,2.708,48.627,3068.667,0.009,0.004,0.002,0.001,0.006,0.001,0.007,0.007,0.011
1990,south dakota,15438,259831.5,220723.794,76282.486,0.233,0.098,0.041,0.017,0.567,0.058,0.755,419141.532,482861.034,4484.812,56038.761,63799.415,0.66,0.34,0.317,0.342,0.214,0.948,0.002,0.002,0.275,2.583,51.192,6661.622,0.019,0.009,0.004,0.002,0.014,0.002,0.018,0.017,0.017
1990,tennessee,111421,1844117.5,244781.094,74562.393,0.262,0.111,0.047,0.02,0.614,0.047,0.798,625897.306,525137.126,0,64405.879,96444.467,0.681,0.319,0.29,0.391,0.195,0.864,0.128,0.001,0.317,2.58,49.238,7414.184,0.007,0.003,0.001,0.001,0.012,0.001,0.013,0.005,0.007
1990,texas,378778,6099988.667,236519.665,65015.986,0.267,0.113,0.048,0.02,0.629,0.041,0.809,631831.976,516943.766,0,70469.193,91111.011,0.608,0.392,0.244,0.364,0.262,0.806,0.1,0.077,0.29,2.797,47.501,6717.034,0.006,0.002,0.001,0,0.011,0.001,0.011,0.004,0.007
1990,utah,32730,536383.167,238898.458,88710.695,0.231,0.097,0.041,0.017,0.557,0.062,0.748,453878.785,515844.971,3909.039,70507.24,109158.964,0.681,0.319,0.219,0.462,0.31,0.95,0.005,0.018,0.231,3.241,46.458,5640.813,0.015,0.007,0.003,0.001,0.011,0.002,0.014,0.012,0.015
1990,vermont,12596,210793.833,370217.344,152800.848,0.227,0.096,0.041,0.017,0.546,0.066,0.735,633461.898,770371.199,4720.437,70717.093,163309.218,0.686,0.314,0.248,0.438,0.301,0.991,0.002,0.001,0.307,2.636,47.456,8560.764,0.012,0.005,0.002,0.001,0.01,0.002,0.013,0.01,0.012
1990,virginia,132911,2291630,347943.849,108644.89,0.248,0.105,0.044,0.019,0.591,0.05,0.775,743067.71,789455.451,4884.539,83033.39,161656.408,0.663,0.337,0.21,0.452,0.305,0.811,0.164,0.006,0.306,2.634,47.484,12476.191,0.007,0.003,0.001,0.001,0.012,0.002,0.01,0.006,0.01
1990,washington,112015,1872772.5,344970.053,114309.159,0.241,0.102,0.043,0.018,0.576,0.049,0.763,664236.538,760684.834,2264.101,75977.418,146392.424,0.626,0.374,0.2,0.425,0.313,0.915,0.023,0.017,0.297,2.583,47.607,8610.949,0.01,0.004,0.002,0.001,0.009,0.001,0.011,0.008,0.01
1990,west virginia,39640,664616.167,184474.922,71792.095,0.232,0.098,0.041,0.017,0.558,0.066,0.751,414155.132,395707.99,0,54335.897,77458.2,0.743,0.257,0.43,0.313,0.153,0.965,0.03,0.001,0.314,2.58,51.408,2042.615,0.007,0.004,0.002,0.001,0.005,0.001,0.006,0.007,0.013
1990,wisconsin,108116,1823994,285732.24,111074.688,0.231,0.098,0.041,0.017,0.553,0.064,0.75,685693.252,595782.031,4810.153,71061.524,98581.691,0.666,0.334,0.271,0.395,0.228,0.958,0.023,0.004,0.257,2.702,49.253,3792.874,0.008,0.003,0.001,0.001,0.006,0.001,0.008,0.006,0.01
1990,wyoming,10193,168796.833,237404.493,78702.143,0.248,0.105,0.044,0.019,0.592,0.056,0.771,437196.426,503904.541,4933.523,65342.062,91622.69,0.679,0.321,0.27,0.409,0.249,0.96,0.005,0.016,0.25,2.68,47.446,5588.206,0.014,0.006,0.003,0.001,0.01,0.001,0.012,0.012,0.014
2000,alabama,104224,1736952,291200.101,87413.454,0.292,0.139,0.066,0.032,0.623,0.052,0.797,998595.088,585908.518,0,70083.273,112067.318,0.724,0.276,0.278,0.447,0.228,0.744,0.233,0.005,0.358,2.497,50.18,7100.064,0.016,0.009,0.004,0.002,0.009,0.001,0.013,0.014,0.014
2000,alaska,13296,221506,520737.83,214789.142,0.255,0.122,0.058,0.028,0.554,0.085,0.721,967882.672,998881.677,20141.53,98175.218,144265.984,0.624,0.376,0.181,0.443,0.299,0.705,0.025,0.013,0.305,2.797,45.434,28782.406,0.029,0.014,0.007,0.003,0.026,0.005,0.032,0.024,0.023
2000,arizona,114079,1901901.5,410838.471,119636.098,0.295,0.141,0.067,0.032,0.625,0.048,0.799,1279836.08,849919.671,0,82065.805,146850.265,0.68,0.32,0.202,0.479,0.318,0.816,0.026,0.092,0.323,2.674,49.666,12776.176,0.01,0.005,0.002,0.001,0.009,0.002,0.009,0.008,0.011
2000,arkansas,62562,1042645.5,275081.345,79565.063,0.293,0.139,0.066,0.032,0.626,0.049,0.799,834231.343,555990.134,-1553.726,65841.21,93154.775,0.694,0.306,0.288,0.406,0.181,0.841,0.128,0.01,0.319,2.502,50.649,6785.35,0.016,0.009,0.004,0.002,0.009,0.001,0.013,0.015,0.015
2000,california,690172,11507038.167,612725.984,152115.791,0.301,0.144,0.069,0.033,0.633,0.033,0.803,1963244.268,1421768.443,-2158.48,99343.877,249545.31,0.569,0.431,0.135,0.434,0.365,0.675,0.064,0.132,0.342,2.869,48.735,58985.839,0.009,0.004,0.002,0.001,0.02,0.003,0.015,0.007,0.022
2000,colorado,99494,1658124.333,518221.793,169851.01,0.283,0.135,0.065,0.031,0.603,0.052,0.777,1325824.197,1085326.278,6384.711,92997.996,205383.501,0.673,0.327,0.155,0.518,0.393,0.869,0.031,0.062,0.324,2.537,47.479,21367.507,0.015,0.007,0.003,0.002,0.012,0.002,0.015,0.012,0.014
2000,connecticut,78100,1301836.5,678608.924,228997.856,0.289,0.138,0.066,0.031,0.605,0.052,0.779,2225189.473,1454179.851,3532.407,112343.322,247336.849,0.669,0.331,0.195,0.473,0.388,0.853,0.076,0.035,0.371,2.539,50.646,59807.019,0.011,0.005,0.002,0.001,0.021,0.005,0.018,0.008,0.027
2000,delaware,17924,298857.833,452111.839,159086.242,0.279,0.133,0.064,0.03,0.594,0.061,0.773,1357517.591,912201.975,6865.57,92339.166,160673.704,0.723,0.277,0.216,0.507,0.323,0.797,0.158,0.015,0.361,2.523,50.411,13490.515,0.013,0.006,0.003,0.001,0.011,0.002,0.014,0.011,0.012
2000,district of columbia,14900,248334,447679.846,61695.655,0.339,0.162,0.077,0.037,0.708,0.012,0.862,2239305.836,1038180.336,-5923.574,95500.597,160831.444,0.408,0.592,0.105,0.303,0.443,0.349,0.575,0.029,0.543,2.163,48.102,67499.435,0.02,0.01,0.005,0.002,0.037,0.002,0.034,0.016,0.022
2000,florida,380276,6338574.667,468076.912,127020.748,0.306,0.146,0.07,0.033,0.641,0.047,0.811,1671001.022,980745.77,5616.843,83793.788,141867.83,0.701,0.299,0.242,0.459,0.308,0.824,0.121,0.026,0.361,2.453,52.36,37102.854,0.012,0.006,0.003,0.001,0.024,0.004,0.022,0.01,0.017
2000,georgia,180382,3007234.5,364084.074,101979.476,0.304,0.145,0.069,0.033,0.639,0.046,0.812,1354206.459,738539.149,0,87029.908,141481.689,0.675,0.325,0.184,0.491,0.284,0.693,0.266,0.015,0.366,2.628,47.821,12254.038,0.006,0.003,0.001,0.001,0.011,0.002,0.01,0.005,0.01
2000,hawaii,24194,403324.5,707347.135,214646.842,0.281,0.134,0.064,0.031,0.599,0.038,0.769,1420966.062,1575057.712,-2114.934,98444.52,254710.598,0.564,0.436,0.162,0.402,0.345,0.311,0.017,0.04,0.324,2.936,51.305,54943.731,0.018,0.009,0.004,0.002,0.017,0.003,0.022,0.015,0.017
2000,idaho,28179,469647.167,411426.747,131871.914,0.289,0.138,0.066,0.031,0.612,0.055,0.788,1386269.739,810391.06,7337.823,76414.269,144096.367,0.723,0.277,0.226,0.497,0.276,0.93,0.003,0.033,0.274,2.683,49.446,10312.513,0.01,0.005,0.002,0.001,0.008,0.001,0.009,0.008,0.011
2000,illinois,275507,4591142.833,492168.797,154456.563,0.29,0.139,0.066,0.032,0.613,0.048,0.788,1421439.63,1017586.287,0,92880.338,170565.381,0.673,0.327,0.214,0.459,0.31,0.821,0.109,0.035,0.334,2.626,49.908,18784.655,0.007,0.004,0.002,0.001,0.01,0.002,0.009,0.006,0.013
2000,indiana,140178,2336421,342447.993,119552.389,0.275,0.131,0.063,0.03,0.591,0.061,0.771,1001284.385,680013.759,4916.137,80106.597,124371.951,0.714,0.286,0.223,0.491,0.236,0.906,0.066,0.011,0.32,2.526,49.521,11732.293,0.02,0.01,0.005,0.002,0.015,0.002,0.019,0.016,0.016
2000,iowa,68956,1148498.5,371876.378,128481.038,0.273,0.13,0.062,0.03,0.588,0.061,0.766,990741.707,737020.683,7033.269,75123.707,111368.295,0.724,0.276,0.283,0.441,0.253,0.968,0.012,0.007,0.296,2.456,51.346,14408.868,0.023,0.012,0.006,0.003,0.017,0.002,0.021,0.019,0.017
2000,kansas,62273,1037741.167,358001.371,108507.554,0.286,0.136,0.065,0.031,0.612,0.052,0.787,970183.234,727720.571,4402.263,79175.766,108443.54,0.693,0.307,0.251,0.442,0.283,0.907,0.04,0.022,0.306,2.497,50.437,10165.285,0.017,0.008,0.004,0.002,0.011,0.001,0.015,0.014,0.013
2000,kentucky,95438,1590403.167,290723.985,88875.374,0.287,0.137,0.065,0.031,0.615,0.052,0.79,853176.292,587103.429,0,69071.336,107261.87,0.708,0.292,0.273,0.435,0.218,0.918,0.064,0.003,0.338,2.463,49.678,8305.362,0.018,0.01,0.005,0.002,0.011,0.002,0.015,0.016,0.016
2000,louisiana,99363,1655905.667,280268.021,77978.91,0.301,0.143,0.069,0.033,0.639,0.044,0.812,991184.627,567522.094,-2394.851,69041.131,103063.637,0.679,0.321,0.289,0.39,0.21,0.684,0.287,0.007,0.376,2.605,49.497,5405.669,0.013,0.007,0.003,0.002,0.007,0.001,0.009,0.011,0.012
2000,maine,31092,518251.833,380593.353,133190.875,0.279,0.133,0.064,0.03,0.597,0.06,0.775,989172.472,754558.135,4833.707,74406.649,131063.951,0.716,0.284,0.254,0.462,0.282,0.979,0.003,0.001,0.336,2.409,50.935,10042.908,0.016,0.008,0.004,0.002,0.011,0.002,0.014,0.013,0.014
2000,maryland,118851,1981623.667,511499.618,163961.76,0.287,0.137,0.065,0.031,0.608,0.053,0.781,1434998.004,1066453.126,2225.08,102458.606,188368.938,0.677,0.323,0.159,0.518,0.383,0.697,0.243,0.014,0.376,2.6,49.506,21932.072,0.011,0.005,0.003,0.001,0.011,0.002,0.011,0.009,0.014
2000,massachusetts,146614,2444637.667,613426.95,215940.464,0.281,0.134,0.064,0.031,0.596,0.049,0.77,1619621.083,1272336.918,0,101191.506,223338.832,0.617,0.383,0.179,0.438,0.408,0.878,0.045,0.027,0.386,2.517,50.224,28429.333,0.01,0.005,0.002,0.001,0.01,0.002,0.011,0.008,0.017
2000,michigan,227139,3784852.333,445076.12,157695.445,0.279,0.133,0.064,0.03,0.592,0.061,0.774,1994999.068,875162.45,7137.639,90098.983,157271.286,0.738,0.262,0.241,0.497,0.27,0.86,0.101,0.009,0.324,2.558,49.963,10162.427,0.011,0.006,0.003,0.001,0.008,0.001,0.011,0.009,0.011
2000,minnesota,113707,1893256,435527.52,165267.865,0.27,0.129,0.061,0.029,0.579,0.069,0.755,1074732.647,846228.792,9292.893,90358.182,159814.387,0.746,0.254,0.215,0.531,0.307,0.946,0.018,0.007,0.283,2.558,49.942,14921.141,0.02,0.01,0.005,0.002,0.015,0.002,0.019,0.017,0.016
2000,mississippi,62786,1046228.167,245944.581,72615.311,0.296,0.141,0.068,0.032,0.629,0.053,0.805,1092340.863,492967.129,0,67269.082,94550.914,0.724,0.276,0.297,0.426,0.207,0.637,0.348,0.004,0.39,2.631,49.899,4018.567,0.011,0.006,0.003,0.001,0.006,0.001,0.008,0.009,0.013
2000,missouri,131676,2194320.5,371150.541,112280.418,0.289,0.138,0.066,0.031,0.616,0.05,0.791,1109652.275,749999.144,0,78585.685,121665.407,0.703,0.297,0.246,0.457,0.241,0.889,0.083,0.006,0.325,2.476,50.25,9246.041,0.015,0.008,0.004,0.002,0.009,0.001,0.012,0.013,0.012
2000,montana,21520,358740.5,396301.183,125976.462,0.281,0.134,0.064,0.03,0.603,0.051,0.78,1139339.299,791327.88,2910.332,64798.959,132664.94,0.691,0.309,0.268,0.423,0.292,0.928,0.002,0.006,0.291,2.488,50.685,13102.978,0.022,0.011,0.005,0.003,0.014,0.002,0.018,0.019,0.015
2000,nebraska,39971,665702.833,365513.484,119618.21,0.28,0.133,0.064,0.03,0.601,0.054,0.778,1004152.137,734374.54,5757.226,76404.71,108050.357,0.674,0.326,0.254,0.421,0.279,0.942,0.023,0.016,0.286,2.507,50.907,11764.33,0.02,0.01,0.005,0.002,0.013,0.002,0.018,0.017,0.015
2000,nevada,45070,751333.167,368855.582,106874.209,0.303,0.145,0.069,0.033,0.635,0.045,0.814,1526162.822,747200.826,-2391.398,87828.635,149732.341,0.608,0.392,0.134,0.474,0.257,0.794,0.062,0.064,0.317,2.629,48.324,11238.434,0.005,0.002,0.001,0.001,0.01,0.001,0.009,0.004,0.01
2000,new hampshire,28476,474640.667,492427.785,181057.995,0.276,0.132,0.063,0.03,0.587,0.064,0.76,1128960.903,975778.052,10223.999,92655.573,160399.182,0.697,0.303,0.201,0.497,0.38,0.974,0.005,0.003,0.319,2.528,49.813,13445.509,0.013,0.007,0.003,0.001,0.01,0.002,0.013,0.011,0.013
2000,new jersey,183879,3065786.167,678654.797,231025.008,0.282,0.135,0.064,0.031,0.596,0.052,0.767,1711318.457,1457639.31,2003.957,112258.396,216793.516,0.656,0.344,0.195,0.461,0.363,0.778,0.116,0.045,0.355,2.682,50.805,46424.98,0.01,0.005,0.002,0.001,0.013,0.004,0.012,0.008,0.02
2000,new mexico,40678,677709.5,358663.558,102470.35,0.296,0.141,0.067,0.032,0.631,0.047,0.799,934741.735,732988.685,0,70856.543,129870.711,0.7,0.3,0.266,0.434,0.29,0.713,0.016,0.172,0.339,2.651,49.821,11403.285,0.016,0.009,0.004,0.002,0.011,0.002,0.013,0.014,0.013
2000,new york,423411,7057257.167,515483.079,122589.022,0.307,0.146,0.07,0.033,0.644,0.026,0.816,1809572.677,1139865.909,-4051.115,94707.342,167615.225,0.53,0.47,0.184,0.346,0.35,0.769,0.119,0.052,0.392,2.621,50.47,37717.193,0.009,0.004,0.002,0.001,0.018,0.002,0.015,0.007,0.018
2000,north carolina,187921,3131931.167,359301.378,106074.49,0.298,0.142,0.068,0.032,0.628,0.05,0.806,1679097.63,725601.062,992.947,80328.101,132855.752,0.693,0.307,0.229,0.464,0.285,0.759,0.2,0.014,0.351,2.472,49.181,8706.635,0.007,0.004,0.002,0.001,0.008,0.001,0.007,0.006,0.01
2000,north dakota,15429,257102.5,314055.519,104364.903,0.271,0.129,0.062,0.029,0.592,0.055,0.771,793300.16,633893.362,1417.916,67465.075,81127.262,0.667,0.333,0.305,0.362,0.269,0.947,0.003,0.003,0.277,2.438,51.911,16878.703,0.03,0.016,0.008,0.004,0.023,0.003,0.03,0.026,0.022
2000,ohio,266746,4445295.667,388485.912,129040.894,0.282,0.135,0.064,0.031,0.602,0.054,0.781,1183331.983,772546.35,0,80911.149,132763.474,0.691,0.309,0.225,0.466,0.258,0.875,0.098,0.006,0.344,2.497,49.858,9192.655,0.014,0.007,0.003,0.002,0.009,0.001,0.012,0.012,0.012
2000,oklahoma,80538,1341830.833,271704.096,78930.385,0.293,0.14,0.067,0.032,0.628,0.049,0.8,809822.454,549603.969,-1758.91,68426.435,88886.347,0.684,0.316,0.272,0.412,0.23,0.81,0.053,0.018,0.314,2.506,50.363,6646.935,0.016,0.009,0.004,0.002,0.009,0.001,0.013,0.015,0.015
2000,oregon,80023,1334220.5,491616.812,157974.05,0.281,0.134,0.064,0.031,0.603,0.047,0.777,1170014.443,1025582.219,0,80219.316,172653.731,0.643,0.357,0.191,0.452,0.317,0.903,0.013,0.029,0.328,2.518,49.823,20606.57,0.021,0.01,0.005,0.002,0.015,0.002,0.02,0.017,0.014
2000,pennsylvania,286620,4775806.167,407784.432,140335.524,0.284,0.136,0.065,0.031,0.601,0.057,0.785,1802569.47,799078.054,2000.758,83194.196,132647.735,0.713,0.287,0.28,0.433,0.265,0.908,0.065,0.009,0.33,2.499,51.657,6867.16,0.007,0.004,0.002,0.001,0.006,0.001,0.006,0.006,0.01
2000,rhode island,24505,408570.333,466086.042,153563.474,0.289,0.138,0.066,0.031,0.611,0.043,0.789,1350762.421,938171.768,-1943.63,85707.035,147047.732,0.601,0.399,0.186,0.415,0.337,0.89,0.034,0.035,0.385,2.478,50.568,13322.93,0.011,0.005,0.003,0.001,0.008,0.001,0.009,0.009,0.013
2000,south carolina,92031,1534069.5,322027.17,93348.825,0.301,0.144,0.069,0.033,0.636,0.051,0.807,1084753.874,643734.101,616.692,73979.274,123784.931,0.722,0.278,0.248,0.473,0.261,0.695,0.282,0.007,0.375,2.511,49.674,8154.228,0.01,0.005,0.003,0.001,0.009,0.001,0.009,0.009,0.011
2000,south dakota,17414,289903.833,348318.153,107294.515,0.288,0.138,0.066,0.031,0.61,0.051,0.792,1191524.086,687846.401,4961.256,70949.442,93957.194,0.682,0.318,0.292,0.391,0.252,0.931,0.003,0.003,0.288,2.52,51.508,5254.33,0.009,0.004,0.002,0.001,0.006,0.001,0.008,0.007,0.01
2000,tennessee,133974,2232771.667,334721.375,99046.369,0.295,0.141,0.067,0.032,0.626,0.05,0.802,1364180.752,673444.338,0,74995.62,124675.952,0.699,0.301,0.255,0.445,0.233,0.841,0.135,0.006,0.343,2.467,49.566,6931.791,0.011,0.006,0.003,0.001,0.007,0.001,0.008,0.01,0.011
2000,texas,443601,7392640.333,328435.581,84301.928,0.312,0.149,0.071,0.034,0.654,0.042,0.824,1468542.391,663091.607,-2219.047,83569.747,105011.641,0.638,0.362,0.24,0.399,0.284,0.768,0.104,0.094,0.318,2.739,48.295,12589.843,0.008,0.004,0.002,0.001,0.013,0.002,0.013,0.007,0.009
2000,utah,42077,700862.333,457750.264,158611.343,0.28,0.134,0.064,0.031,0.595,0.058,0.773,1291115.534,913297.876,7361.36,89149.789,187757.78,0.716,0.284,0.182,0.533,0.344,0.922,0.006,0.034,0.246,3.148,46.963,12059.339,0.013,0.006,0.003,0.001,0.01,0.002,0.012,0.01,0.012
2000,vermont,14438,240476.833,502336.389,177045.277,0.28,0.133,0.064,0.03,0.596,0.059,0.769,1190927.068,1008406.03,6682.373,82057.427,146855.103,0.705,0.295,0.227,0.478,0.349,0.978,0.003,0.001,0.348,2.478,50.206,17099.431,0.016,0.008,0.004,0.002,0.011,0.002,0.014,0.013,0.014
2000,virginia,161950,2699509.5,452763.152,135069.992,0.292,0.139,0.067,0.032,0.619,0.05,0.796,2093452.322,943754.063,6262.777,96162.692,163136.158,0.681,0.319,0.185,0.496,0.352,0.767,0.179,0.013,0.346,2.519,49.04,16976.683,0.01,0.005,0.002,0.001,0.011,0.002,0.01,0.008,0.012
2000,washington,136284,2271562,534300.377,170664.478,0.285,0.136,0.065,0.031,0.606,0.048,0.78,1429607.995,1124984.977,0,89141.582,198205.821,0.646,0.354,0.176,0.47,0.359,0.862,0.027,0.029,0.326,2.549,48.726,23730.566,0.015,0.007,0.003,0.002,0.012,0.002,0.014,0.012,0.014
2000,west virginia,44189,736454,253048.088,89967.338,0.269,0.128,0.061,0.029,0.583,0.063,0.77,898943.596,509036.463,0,62781.604,93843.959,0.751,0.249,0.372,0.379,0.182,0.957,0.029,0.001,0.335,2.39,51.869,9519.227,0.02,0.011,0.005,0.002,0.016,0.002,0.02,0.017,0.019
2000,wisconsin,125072,2083082,430732.118,158495.179,0.271,0.129,0.062,0.029,0.581,0.061,0.759,1019412.596,843240.481,6492.092,82354.055,138460.154,0.684,0.316,0.228,0.457,0.266,0.942,0.029,0.009,0.285,2.542,50.242,16382.774,0.021,0.01,0.005,0.002,0.017,0.002,0.021,0.018,0.016
2000,wyoming,11616,193582.667,406296.833,124847.473,0.293,0.14,0.067,0.032,0.624,0.051,0.8,1397428.722,835131.876,6102.092,75506.896,141686.949,0.7,0.3,0.27,0.43,0.277,0.933,0.005,0.02,0.287,2.526,49.379,16472.2,0.014,0.007,0.003,0.002,0.013,0.002,0.013,0.012,0.013
2010,Alabama,19649,1815154,271929.742,80761.924,0.332,0.171,0.088,0.045,0.647,0.044,0.816,893737.615,517776.464,0,58406.483,129400.643,0.703,0.297,0.275,0.428,0.32,0.745,0.227,0.005,0.48,2.359,53.382,2406.012,0.003,0.001,0.001,0,0.003,0,0.004,0.002,0.002
2010,Alaska,2447,254609,530445.993,185374.452,0.316,0.162,0.084,0.043,0.613,0.056,0.769,770184.03,923860.533,7777.582,91608.833,197317.153,0.646,0.354,0.196,0.45,0.364,0.685,0.021,0.012,0.452,2.711,49.548,10382.602,0.003,0.002,0.001,0,0.006,0.001,0.005,0.002,0.006
2010,Arizona,24894,2334050,346781.578,84642.245,0.345,0.177,0.091,0.047,0.67,0.027,0.834,1065442.297,675692.11,-9412.042,65610.84,166705.005,0.652,0.348,0.196,0.455,0.392,0.841,0.034,0.048,0.456,2.497,52.979,4437.124,0.002,0.001,0,0,0.004,0,0.003,0.001,0.006
2010,Arkansas,11859,1114897,233553.295,69465.372,0.327,0.168,0.087,0.045,0.64,0.043,0.816,783859.326,449500.293,-3757.984,53276.34,107635.574,0.674,0.326,0.287,0.387,0.263,0.833,0.133,0.009,0.465,2.365,53.639,3274.935,0.005,0.002,0.001,0.001,0.005,0.001,0.006,0.004,0.002
2010,California,128639,12406486,596640.841,126056.493,0.339,0.174,0.09,0.046,0.659,0.023,0.815,2057330.033,1281202.605,-5940.243,85876.648,308515.949,0.558,0.442,0.139,0.418,0.442,0.698,0.056,0.092,0.456,2.741,52.065,39257.833,0.006,0.003,0.001,0.001,0.011,0.002,0.009,0.005,0.013
2010,Colorado,20387,1960583,447624.788,123235.151,0.333,0.171,0.088,0.045,0.647,0.035,0.812,1383965.914,846885.518,-7735.169,78221.417,225775.667,0.658,0.342,0.162,0.496,0.479,0.888,0.03,0.04,0.453,2.382,51.119,8197.473,0.002,0.001,0.001,0,0.004,0.001,0.003,0.002,0.009
2010,Connecticut,14099,1358810,682334.696,229305.189,0.322,0.166,0.085,0.044,0.625,0.043,0.788,2550608.176,1355636.704,-3967.404,97673.22,305759.231,0.679,0.321,0.194,0.485,0.473,0.856,0.072,0.029,0.491,2.455,54.037,35671.673,0.004,0.002,0.001,0.001,0.009,0.002,0.007,0.004,0.016
2010,Delaware,3451,328766,451723.375,156146.912,0.315,0.162,0.083,0.043,0.611,0.052,0.783,1450352.126,789258.472,0,76099.106,236901.76,0.728,0.272,0.205,0.523,0.393,0.797,0.15,0.012,0.478,2.414,54.35,5855.509,0.002,0.001,0.001,0,0.005,0.001,0.004,0.002,0.006
2010,District Of Columbia,2695,252386,518601.265,71498.423,0.352,0.181,0.093,0.048,0.684,0.012,0.842,2338913.179,1165373.51,-8566.832,102688.02,293640.26,0.423,0.577,0.098,0.326,0.612,0.473,0.457,0.014,0.563,2.019,49.22,36290.802,0.006,0.003,0.002,0.001,0.012,0.001,0.01,0.005,0.013
2010,Florida,78534,7035065,379728.689,100846.377,0.341,0.176,0.09,0.046,0.663,0.032,0.835,1677775.103,731642.106,-8918.496,63377.892,177250.484,0.683,0.317,0.246,0.437,0.393,0.829,0.119,0.019,0.473,2.344,55.07,9148.108,0.004,0.002,0.001,0.001,0.007,0.001,0.006,0.003,0.01
2010,Georgia,37092,3482425,294378.873,77748.615,0.339,0.175,0.09,0.046,0.66,0.034,0.829,905752.06,564973.931,-7484.637,67140.121,151543.906,0.661,0.339,0.191,0.47,0.376,0.679,0.266,0.016,0.481,2.505,51.14,2253.707,0.002,0.001,0.001,0,0.003,0,0.003,0.002,0.004
2010,Hawaii,4684,445812,786122.154,227557.618,0.324,0.167,0.086,0.044,0.63,0.035,0.776,1173809.36,1597433.84,6155.952,83943.17,390071.399,0.58,0.42,0.184,0.395,0.43,0.331,0.012,0.038,0.457,2.815,54.339,62419.932,0.005,0.002,0.001,0.001,0.009,0.003,0.008,0.004,0.013
2010,Idaho,6045,576706,333980.327,96672.835,0.332,0.171,0.088,0.045,0.646,0.04,0.817,1074082.17,614602.351,-6201.695,59524.155,166825.444,0.7,0.3,0.21,0.49,0.348,0.945,0.003,0.019,0.425,2.582,52.311,4279.109,0.003,0.001,0.001,0,0.004,0.001,0.004,0.002,0.006
2010,Illinois,49771,4752873,443939.329,122807.607,0.335,0.172,0.089,0.046,0.65,0.033,0.821,1600172.098,847199.706,-7949.246,77234.874,192421.047,0.679,0.321,0.21,0.469,0.399,0.825,0.104,0.028,0.451,2.482,52.594,9803.644,0.003,0.002,0.001,0,0.006,0.001,0.005,0.002,0.011
2010,Indiana,26177,2470901,254701.659,84359.171,0.315,0.162,0.084,0.043,0.619,0.049,0.8,739441.381,486767.821,-5788.18,61114.207,123865.192,0.704,0.296,0.212,0.492,0.311,0.903,0.065,0.011,0.441,2.435,52.486,6474.05,0.008,0.004,0.002,0.001,0.01,0.001,0.012,0.006,0.003
2010,Iowa,12727,1223449,320113.437,101866.229,0.321,0.165,0.085,0.044,0.626,0.049,0.798,761834.535,591072.563,0,64409.362,125040.478,0.723,0.277,0.27,0.453,0.336,0.962,0.013,0.007,0.435,2.358,53.985,6210.408,0.006,0.003,0.001,0.001,0.007,0.001,0.009,0.005,0.003
2010,Kansas,11512,1101649,307185.384,87793.849,0.331,0.17,0.088,0.045,0.644,0.038,0.812,665077.493,578424.374,-7212.822,67540.009,122209.892,0.683,0.317,0.243,0.44,0.37,0.914,0.036,0.014,0.446,2.377,53.242,4620.724,0.004,0.002,0.001,0.001,0.005,0.001,0.006,0.003,0.002
2010,Kentucky,17844,1684339,252032.093,75590.867,0.327,0.168,0.086,0.044,0.639,0.043,0.811,716462.743,482927.734,-5175.392,56210.218,119165.665,0.688,0.312,0.263,0.425,0.3,0.914,0.064,0.004,0.466,2.371,52.94,5055.763,0.006,0.003,0.002,0.001,0.007,0.001,0.009,0.005,0.002
2010,Louisiana,17853,1689821,272621.121,77915.922,0.334,0.172,0.088,0.045,0.65,0.038,0.818,666910.603,519574.024,-6711.231,62782.962,127378.198,0.677,0.323,0.302,0.375,0.29,0.702,0.258,0.008,0.501,2.43,52.553,3513.903,0.004,0.002,0.001,0.001,0.005,0,0.006,0.003,0.002
2010,Maine,5476,545414,421533.328,131682.401,0.32,0.165,0.085,0.044,0.622,0.047,0.787,895372.997,765037.906,0,62043.127,185142.302,0.721,0.279,0.252,0.47,0.36,0.971,0.005,0.001,0.474,2.302,54.729,9822.433,0.005,0.003,0.001,0.001,0.009,0.001,0.008,0.004,0.004
2010,Maryland,22345,2127432,585897.915,186938.655,0.323,0.166,0.086,0.044,0.628,0.043,0.787,1464963.985,1091418.528,0,97186.863,279906.211,0.67,0.33,0.158,0.513,0.478,0.68,0.242,0.015,0.48,2.52,52.679,18178.033,0.003,0.002,0.001,0,0.006,0.001,0.005,0.002,0.012
2010,Massachusetts,26251,2520416,622771.618,204153.3,0.323,0.166,0.086,0.044,0.628,0.037,0.791,2463292.535,1154390.162,-5442.935,92426.319,284005.566,0.623,0.377,0.173,0.449,0.505,0.871,0.048,0.024,0.49,2.423,53.292,17817.478,0.002,0.001,0.001,0,0.005,0.001,0.004,0.002,0.013
2010,Michigan,39940,3806626,302544.774,95838.885,0.323,0.166,0.085,0.044,0.63,0.039,0.816,1405120.012,569356.238,-8695.931,63307.527,131526.849,0.727,0.273,0.248,0.479,0.343,0.87,0.089,0.007,0.443,2.421,53.968,6377.617,0.006,0.003,0.002,0.001,0.008,0.001,0.009,0.005,0.003
2010,Minnesota,21347,2091546,410680.364,134181.311,0.32,0.165,0.085,0.044,0.623,0.046,0.794,1063048.531,742518.701,-6806.687,77505.914,195193.729,0.733,0.267,0.216,0.517,0.385,0.943,0.02,0.004,0.409,2.433,53.31,6577.984,0.004,0.002,0.001,0,0.006,0.001,0.006,0.003,0.005
2010,Mississippi,11494,1080005,217443.648,66585.378,0.324,0.167,0.086,0.044,0.635,0.044,0.823,1569353.797,414352.031,-3082.912,57945.179,106855.456,0.697,0.303,0.318,0.379,0.306,0.648,0.33,0.005,0.506,2.459,53.522,4475.955,0.007,0.003,0.002,0.001,0.007,0.001,0.01,0.005,0.002
2010,Missouri,24826,2350633,295388.49,88142.061,0.326,0.168,0.086,0.044,0.636,0.042,0.813,935816.551,555805.053,-5345.681,62055.573,136598.983,0.693,0.307,0.239,0.454,0.324,0.886,0.081,0.006,0.452,2.374,52.98,5735.005,0.006,0.003,0.002,0.001,0.007,0.001,0.009,0.005,0.003
2010,Montana,4108,402744,442640.389,128219.286,0.327,0.168,0.087,0.045,0.636,0.042,0.805,1644500.623,821392.255,5226.713,61337.506,187373.707,0.701,0.299,0.286,0.414,0.38,0.937,0.002,0.003,0.447,2.318,54.341,5833.479,0.002,0.001,0.001,0,0.004,0.001,0.003,0.002,0.009
2010,Nebraska,7421,719309,290701.019,90017.362,0.324,0.167,0.086,0.044,0.633,0.04,0.811,891436.812,548178.407,-7155.183,63681.755,113782.019,0.674,0.326,0.251,0.423,0.359,0.945,0.024,0.01,0.426,2.358,53.573,5844.561,0.005,0.003,0.001,0.001,0.007,0.001,0.008,0.004,0.002
2010,Nevada,10568,989813,286373.968,62665.195,0.353,0.182,0.093,0.048,0.686,0.018,0.863,2458850.176,572765.366,-11440.523,72457.228,150167.924,0.571,0.429,0.137,0.434,0.338,0.785,0.066,0.048,0.429,2.503,51.446,2563.86,0.002,0.001,0.001,0,0.003,0,0.003,0.002,0.007
2010,New Hampshire,5316,515435,551983.512,196866.442,0.316,0.162,0.084,0.043,0.614,0.054,0.782,2019271.072,987398.634,0,84387.57,227088.65,0.718,0.282,0.218,0.5,0.462,0.965,0.005,0.002,0.459,2.412,53.801,6858.425,0.001,0.001,0,0,0.002,0.001,0.002,0.001,0.012
2010,New Jersey,33113,3172416,769011.505,252607.387,0.321,0.165,0.085,0.044,0.624,0.042,0.776,1885414.073,1663282.544,0,98184.502,297398.618,0.664,0.336,0.192,0.472,0.456,0.772,0.112,0.037,0.462,2.588,53.867,57873.877,0.005,0.003,0.001,0.001,0.01,0.003,0.008,0.004,0.015
2010,New Mexico,7743,765181,343369.441,90142.693,0.341,0.175,0.09,0.046,0.662,0.037,0.828,1467554.598,657318.423,-6273.704,60924.28,158886.285,0.681,0.319,0.263,0.418,0.368,0.774,0.017,0.1,0.468,2.426,53.529,4314.231,0.002,0.001,0.001,0,0.004,0,0.003,0.002,0.006
2010,New York,74105,7196423,546000.996,105603.611,0.345,0.178,0.091,0.047,0.671,0.017,0.829,2323796.244,1171224.488,-8452.454,84020.126,243604.056,0.542,0.458,0.191,0.351,0.441,0.769,0.117,0.045,0.492,2.487,53.487,34237.505,0.006,0.003,0.002,0.001,0.011,0.001,0.009,0.005,0.013
2010,North Carolina,39101,3670868,325682.374,87137.153,0.34,0.175,0.09,0.046,0.66,0.037,0.829,1517035.66,619511.271,-5085.951,63208.312,154554.814,0.673,0.327,0.223,0.45,0.383,0.756,0.192,0.015,0.479,2.377,52.602,2827.688,0.001,0.001,0,0,0.003,0,0.002,0.001,0.006
2010,North Dakota,2879,280414,327848.7,98145.918,0.327,0.168,0.087,0.045,0.637,0.04,0.809,818800.844,622273.207,-6316.679,64372.96,111990.855,0.664,0.336,0.297,0.367,0.365,0.947,0.005,0.004,0.429,2.299,53.341,6733.755,0.005,0.003,0.001,0.001,0.007,0.001,0.009,0.004,0.004
2010,Ohio,47925,4525064,290904.996,91272.99,0.321,0.165,0.085,0.044,0.627,0.041,0.806,836396.208,552741.584,-6565.347,62749.588,127821.489,0.685,0.315,0.223,0.462,0.339,0.875,0.095,0.005,0.465,2.387,53.296,7870.755,0.007,0.004,0.002,0.001,0.01,0.001,0.011,0.006,0.002
2010,Oklahoma,14951,1432965,253631.208,71753.276,0.334,0.172,0.089,0.046,0.65,0.04,0.831,1243667.045,481738.66,-6128.38,60724.875,110785.661,0.681,0.319,0.267,0.414,0.308,0.792,0.052,0.02,0.463,2.413,53.071,1859.365,0.002,0.001,0,0,0.003,0,0.003,0.001,0.003
2010,Oregon,15711,1507139,467745.225,123200.632,0.333,0.171,0.088,0.045,0.647,0.029,0.806,1117239.287,882209.105,-8113.34,64277.31,201398.618,0.624,0.376,0.188,0.436,0.4,0.907,0.012,0.02,0.463,2.393,53.139,8156.978,0.002,0.001,0.001,0,0.004,0.001,0.003,0.002,0.007
2010,Pennsylvania,50856,4936035,391023.377,123158.174,0.325,0.167,0.086,0.044,0.632,0.044,0.808,1509058.809,720990.71,-3491.951,70943.631,168757.13,0.703,0.297,0.263,0.44,0.346,0.904,0.062,0.009,0.453,2.386,54.355,2567.872,0.001,0.001,0,0,0.002,0,0.002,0.001,0.007
2010,Rhode Island,4235,402295,486555.985,143468.49,0.327,0.168,0.087,0.045,0.636,0.03,0.809,1846747.65,897406.459,-7157.325,73410.492,224661.923,0.608,0.392,0.161,0.447,0.426,0.885,0.043,0.034,0.491,2.376,53.795,9598.891,0.003,0.002,0.001,0,0.006,0.001,0.005,0.002,0.01
2010,South Carolina,19107,1761390,298575.546,83958.369,0.336,0.173,0.089,0.046,0.655,0.04,0.821,826032.888,567356.743,-4130.325,58059.61,149705.632,0.688,0.312,0.255,0.433,0.356,0.734,0.236,0.008,0.487,2.378,53.307,2694.605,0.003,0.001,0.001,0,0.003,0,0.004,0.002,0.003
2010,South Dakota,3304,318951,334947.053,95435.783,0.33,0.17,0.088,0.045,0.642,0.042,0.818,1293528.741,612622.501,0,66222.461,126983.351,0.682,0.318,0.282,0.401,0.356,0.942,0.004,0.005,0.442,2.388,54.011,3770.477,0.002,0.001,0.001,0,0.004,0,0.004,0.002,0.006
2010,Tennessee,25940,2440664,293689.42,82557.276,0.332,0.171,0.088,0.045,0.646,0.039,0.82,936177.876,556293.987,-5624.819,58439.51,142244.429,0.68,0.32,0.255,0.425,0.313,0.838,0.131,0.006,0.464,2.389,52.792,3674.257,0.003,0.002,0.001,0,0.004,0,0.005,0.003,0.002
2010,Texas,91135,8738667,298658.744,75597.519,0.346,0.178,0.092,0.047,0.672,0.029,0.842,1107009.328,572448.65,-8836.304,71997.704,126431.113,0.637,0.363,0.238,0.398,0.368,0.792,0.103,0.056,0.453,2.614,51.22,3201.24,0.002,0.001,0.001,0,0.003,0,0.003,0.002,0.006
2010,Utah,9144,880024,376369.591,115966.238,0.323,0.166,0.086,0.044,0.629,0.041,0.806,1283032.553,697901.159,-8292.98,74023.483,209279.985,0.701,0.299,0.178,0.523,0.426,0.928,0.006,0.026,0.396,3.036,49.263,8474.205,0.005,0.003,0.001,0.001,0.008,0.001,0.008,0.004,0.004
2010,Vermont,2649,256921,530599.501,185648.306,0.321,0.165,0.085,0.044,0.623,0.046,0.792,1463007.192,982520.504,-5433.729,67528.511,205583.097,0.708,0.292,0.235,0.473,0.437,0.975,0.005,0,0.467,2.313,54.413,7937.139,0.002,0.001,0.001,0,0.004,0.001,0.004,0.002,0.012
2010,Virginia,31503,2992739,520990.786,154152.177,0.328,0.169,0.087,0.045,0.638,0.042,0.801,1865687.244,992180,0,90075.331,244377.987,0.678,0.322,0.19,0.489,0.449,0.767,0.165,0.011,0.459,2.446,52.176,15735.97,0.003,0.002,0.001,0,0.007,0.001,0.005,0.003,0.012
2010,Washington,27101,2606867,520250.672,145410.874,0.33,0.17,0.087,0.045,0.641,0.035,0.802,1406598.922,981931.955,-6024.292,76925.125,239073.123,0.633,0.367,0.174,0.459,0.441,0.855,0.024,0.023,0.442,2.435,52.151,13755.153,0.003,0.001,0.001,0,0.005,0.001,0.004,0.002,0.01
2010,West Virginia,7788,741937,233013.512,86879.267,0.303,0.156,0.08,0.041,0.599,0.06,0.784,918553.063,434685.054,0,51315.417,109957.875,0.745,0.255,0.375,0.37,0.245,0.952,0.025,0.002,0.485,2.275,54.853,7752.491,0.011,0.006,0.003,0.002,0.013,0.002,0.016,0.009,0.006
2010,Wisconsin,23700,2279531,383904.964,123527.346,0.321,0.165,0.085,0.044,0.624,0.041,0.799,1018213.777,703462.695,-7410.41,65777.613,161382.29,0.686,0.314,0.221,0.465,0.342,0.941,0.028,0.007,0.409,2.39,53.317,7863.983,0.005,0.002,0.001,0.001,0.008,0.001,0.008,0.004,0.004
2010,Wyoming,2336,222804,406288.224,119035.343,0.328,0.169,0.087,0.045,0.637,0.043,0.808,1635748.573,743042.713,-4092.041,72256.575,178911.373,0.698,0.302,0.276,0.422,0.367,0.948,0.005,0.018,0.453,2.366,52.405,3356.953,0.001,0.001,0,0,0.003,0,0.002,0.001,0.008
2020,Alabama,15756,1889522,409372.921,120592.1,0.327,0.17,0.088,0.046,0.643,0.046,0.813,1845863.509,790273.404,1554.737,78920.634,145535.866,0.709,0.291,0.327,0.382,0.392,0.714,0.22,0.017,0.535,2.335,56.334,16903.982,0.023,0.012,0.006,0.003,0.015,0.002,0.02,0.02,0.012
2020,Alaska,2149,256584,653807.324,244321.381,0.291,0.153,0.079,0.041,0.579,0.067,0.743,1195952.905,1100189.048,13107.699,105344.521,221339.845,0.687,0.313,0.256,0.432,0.382,0.638,0.014,0.029,0.517,2.622,52.812,60940.052,0.042,0.019,0.01,0.005,0.041,0.007,0.044,0.03,0.021
2020,Arizona,20412,2782087,599478.59,185678.408,0.33,0.172,0.089,0.047,0.637,0.043,0.801,1812510.223,1114055.275,-4386.58,92209.897,218533.409,0.671,0.329,0.262,0.408,0.487,0.73,0.031,0.136,0.509,2.446,56.002,21650.552,0.005,0.003,0.001,0.001,0.008,0.002,0.007,0.004,0.015
2020,Arkansas,9600,1184472,363981.59,98664.553,0.347,0.18,0.094,0.049,0.664,0.041,0.826,1127984.067,666481.771,-2701.45,75448.967,120510.926,0.673,0.327,0.315,0.358,0.347,0.778,0.121,0.026,0.523,2.363,55.499,11874.259,0.011,0.006,0.003,0.002,0.01,0.001,0.012,0.009,0.009
2020,California,104525,13107405,964165,291956.036,0.328,0.171,0.089,0.046,0.633,0.037,0.784,2160660.062,2069324.439,7022.116,120589.168,416039.226,0.561,0.439,0.181,0.38,0.526,0.54,0.047,0.21,0.494,2.733,54.43,115143.055,0.009,0.005,0.002,0.001,0.016,0.005,0.014,0.007,0.025
2020,Colorado,18928,2205583,879612.168,311096.291,0.32,0.166,0.087,0.045,0.618,0.05,0.772,1780996.53,1725487.097,1456.728,110521.9,308821.313,0.668,0.332,0.202,0.466,0.589,0.814,0.026,0.088,0.497,2.407,53.103,64498.626,0.01,0.005,0.003,0.001,0.011,0.004,0.012,0.008,0.021
2020,Connecticut,11115,1408548,848863.412,255804.24,0.336,0.175,0.091,0.047,0.645,0.043,0.801,2724419.09,1750982.75,-3016.704,120184.834,248837.632,0.66,0.34,0.215,0.445,0.567,0.786,0.072,0.07,0.518,2.407,55.948,114369.396,0.017,0.009,0.004,0.002,0.03,0.006,0.026,0.014,0.032
2020,Delaware,3239,387695,716498.96,242282.472,0.319,0.166,0.086,0.045,0.62,0.054,0.776,1237680.871,1404437.632,6461.697,97780.896,215374.446,0.715,0.285,0.25,0.465,0.495,0.753,0.143,0.036,0.538,2.338,57.867,38047.813,0.015,0.008,0.004,0.002,0.012,0.003,0.015,0.012,0.016
2020,District Of Columbia,2239,291232,866700.479,130484.788,0.345,0.18,0.093,0.049,0.667,0.016,0.821,2583668.463,1905136.32,-11118.661,152439.058,301007.255,0.404,0.596,0.094,0.31,0.753,0.523,0.328,0.054,0.553,2.019,47.92,116022.192,0.012,0.006,0.003,0.002,0.017,0.002,0.017,0.01,0.023
2020,Florida,53212,8166011,668791.024,193607.857,0.339,0.176,0.092,0.048,0.65,0.045,0.815,3709196.199,1296535.032,5835.754,93284.61,224730.776,0.683,0.317,0.298,0.385,0.495,0.713,0.102,0.129,0.513,2.31,57.758,59770.397,0.013,0.007,0.004,0.002,0.023,0.004,0.021,0.011,0.026
2020,Georgia,24002,3907164,517140.774,143370.472,0.34,0.177,0.092,0.048,0.655,0.038,0.818,1526504.363,993494.033,-5467.823,94065.587,175255.609,0.653,0.347,0.242,0.411,0.471,0.641,0.246,0.041,0.526,2.453,54.472,21532.196,0.006,0.003,0.002,0.001,0.011,0.002,0.009,0.005,0.013
2020,Hawaii,4778,477139,1089543.61,430278.615,0.311,0.162,0.084,0.044,0.601,0.057,0.751,2493595.985,2134211.636,9613.485,116039.816,469351.335,0.645,0.355,0.24,0.405,0.525,0.294,0.012,0.06,0.504,2.887,57.22,106942.436,0.01,0.005,0.003,0.001,0.014,0.006,0.016,0.009,0.022
2020,Idaho,5823,680679,674669.986,216855.295,0.326,0.169,0.088,0.046,0.63,0.049,0.786,1289141.041,1207818.009,6344.401,90751.461,240495.881,0.725,0.275,0.273,0.453,0.432,0.882,0.002,0.048,0.51,2.534,54.954,32399.129,0.012,0.006,0.003,0.002,0.012,0.002,0.013,0.01,0.016
2020,Illinois,45329,4898907,606585.055,169589.641,0.343,0.178,0.093,0.048,0.658,0.038,0.818,1891391.408,1165144.872,-5897.065,101853.875,179187.248,0.668,0.332,0.257,0.411,0.487,0.764,0.092,0.072,0.502,2.408,54.678,51563.02,0.013,0.007,0.003,0.002,0.023,0.003,0.021,0.01,0.021
2020,Indiana,22230,2645724,403193.698,126939.603,0.326,0.17,0.088,0.046,0.634,0.051,0.804,1417159.334,733192.412,0,83023.698,142113.909,0.715,0.285,0.253,0.461,0.393,0.866,0.057,0.028,0.501,2.363,54.647,6844.468,0.01,0.005,0.003,0.001,0.006,0.001,0.008,0.008,0.01
2020,Iowa,13251,1276121,466054.813,140016.988,0.323,0.168,0.087,0.045,0.636,0.048,0.799,1374746.588,882626.797,0,85201.038,137215.878,0.727,0.273,0.298,0.428,0.415,0.932,0.014,0.015,0.515,2.304,55.522,19033.349,0.026,0.015,0.008,0.004,0.016,0.002,0.021,0.024,0.015
2020,Kansas,11712,1158185,412630.06,121704.489,0.317,0.165,0.086,0.045,0.632,0.043,0.794,738760.498,800287.048,-6102.255,85173.317,137057.424,0.671,0.329,0.289,0.382,0.443,0.866,0.031,0.039,0.502,2.347,55.067,26552.813,0.033,0.018,0.009,0.005,0.025,0.003,0.033,0.028,0.019
2020,Kentucky,15311,1753949,413799.081,119669.709,0.326,0.17,0.088,0.046,0.64,0.044,0.804,944030.485,791969.103,0,77620.4,131023.315,0.686,0.314,0.301,0.385,0.399,0.88,0.056,0.016,0.522,2.355,55.127,14828.169,0.019,0.011,0.005,0.003,0.013,0.002,0.018,0.017,0.013
2020,Louisiana,12316,1758541,464911.509,125764.085,0.341,0.177,0.092,0.048,0.662,0.036,0.824,1448618.095,908528.334,-5950.157,78255.992,137505.106,0.684,0.316,0.335,0.348,0.381,0.65,0.259,0.033,0.549,2.322,55.17,18314.166,0.011,0.006,0.003,0.001,0.01,0.001,0.01,0.009,0.011
2020,Maine,5507,585181,559505.964,191340.49,0.311,0.162,0.084,0.044,0.613,0.055,0.772,967610.64,1048733.495,4164.409,80706.198,188724.07,0.746,0.254,0.321,0.425,0.463,0.944,0.006,0.005,0.523,2.197,58.062,34223.797,0.029,0.015,0.008,0.004,0.025,0.004,0.031,0.023,0.018
2020,Maryland,18460,2244280,725163.731,253434.091,0.32,0.166,0.087,0.045,0.617,0.052,0.786,2762580.125,1323520.203,2758.405,121284.569,266662.455,0.672,0.328,0.195,0.477,0.572,0.622,0.235,0.047,0.524,2.499,55.091,24559.368,0.004,0.002,0.001,0.001,0.006,0.002,0.006,0.003,0.02
2020,Massachusetts,21017,2691492,894316.215,311947.925,0.325,0.169,0.088,0.046,0.626,0.044,0.785,3285569.796,1759589.348,0,122776.488,331421.293,0.622,0.378,0.211,0.411,0.608,0.802,0.045,0.059,0.531,2.416,54.853,72733.74,0.008,0.004,0.002,0.001,0.014,0.004,0.012,0.006,0.028
2020,Michigan,40153,4025251,479852.754,154998.868,0.326,0.169,0.088,0.046,0.629,0.051,0.804,1975275.735,879800.869,0,86438.326,159954.234,0.731,0.269,0.305,0.426,0.438,0.84,0.079,0.019,0.5,2.339,56.256,7530.082,0.005,0.003,0.001,0.001,0.005,0.001,0.006,0.004,0.01
2020,Minnesota,22111,2235184,609230.195,213106.075,0.316,0.164,0.085,0.044,0.612,0.057,0.779,1936895.568,1095040.153,2908.038,101121.218,216692.392,0.739,0.261,0.264,0.476,0.484,0.913,0.017,0.014,0.487,2.392,55.648,17995.856,0.01,0.005,0.003,0.001,0.011,0.002,0.013,0.008,0.011
2020,Mississippi,7824,1125756,376425.935,103400.087,0.344,0.179,0.093,0.049,0.661,0.042,0.824,1099665.563,725568.456,-5496.49,78102.688,112770.141,0.703,0.297,0.353,0.35,0.376,0.61,0.337,0.014,0.557,2.349,56.142,7726.74,0.003,0.003,0.001,0.001,0.006,0.001,0.006,0.004,0.006
2020,Missouri,22827,2464401,488905.846,131604.843,0.339,0.176,0.092,0.048,0.658,0.038,0.819,1563630.754,949023.99,-6022.129,83137.501,150103.903,0.678,0.322,0.27,0.408,0.418,0.849,0.07,0.016,0.511,2.338,55.189,21005.489,0.012,0.007,0.003,0.002,0.012,0.002,0.012,0.01,0.012
2020,Montana,4330,436212,786462.537,235873.522,0.331,0.172,0.09,0.047,0.638,0.046,0.791,1604073.121,1593266.038,4297.666,81357.217,223321.396,0.706,0.294,0.338,0.367,0.447,0.889,0.002,0.012,0.498,2.307,56.745,69126.227,0.008,0.004,0.002,0.001,0.017,0.004,0.013,0.007,0.021
2020,Nebraska,7851,763246,562359.724,156770.832,0.333,0.173,0.09,0.047,0.648,0.042,0.808,1484672.285,1118037.051,-2364.669,89617.302,144944.804,0.676,0.324,0.293,0.383,0.454,0.901,0.023,0.035,0.504,2.341,55.222,26691.641,0.012,0.006,0.003,0.002,0.012,0.002,0.011,0.009,0.014
2020,Nevada,8951,1176737,581193.843,168267.368,0.338,0.176,0.091,0.048,0.648,0.035,0.812,1741613.842,1102886.444,-7148.801,92265.362,221865.566,0.591,0.409,0.198,0.392,0.42,0.641,0.074,0.14,0.498,2.472,54.659,25129.434,0.006,0.003,0.002,0.001,0.01,0.002,0.009,0.005,0.016
2020,New Hampshire,4986,538663,805047.791,297098.825,0.315,0.164,0.085,0.044,0.612,0.06,0.768,2100587.502,1523089.56,10676.642,107526.218,235593.362,0.729,0.271,0.272,0.457,0.549,0.932,0.007,0.013,0.506,2.336,56.528,43279.866,0.013,0.007,0.003,0.002,0.012,0.003,0.014,0.011,0.02
2020,New Jersey,25560,3347440,906664.3,280329.88,0.331,0.172,0.09,0.047,0.637,0.041,0.789,2004119.316,1897569.439,972.074,119870.504,272653.814,0.638,0.362,0.231,0.407,0.553,0.678,0.095,0.106,0.504,2.564,55.481,108758.836,0.011,0.006,0.003,0.002,0.022,0.005,0.018,0.009,0.028
2020,New Mexico,6406,825069,467268.187,138102.826,0.333,0.173,0.09,0.047,0.642,0.044,0.816,2308931.894,847733.406,0,75319.782,198477.684,0.703,0.297,0.347,0.356,0.435,0.572,0.017,0.265,0.523,2.327,57.113,8030.841,0.007,0.004,0.002,0.001,0.005,0.001,0.006,0.006,0.011
2020,New York,60360,7495273,765776.361,163031.529,0.351,0.182,0.095,0.049,0.671,0.022,0.827,3211475.098,1653176.493,-8050.721,109709.031,266635.784,0.551,0.449,0.233,0.318,0.529,0.692,0.103,0.088,0.525,2.476,55.394,107214.136,0.017,0.009,0.005,0.002,0.028,0.003,0.026,0.014,0.029
2020,North Carolina,29967,4097934,618607.617,165868.083,0.336,0.175,0.091,0.047,0.652,0.039,0.81,2224220.532,1270399.012,-3416.359,87779.837,172498.664,0.673,0.327,0.262,0.411,0.492,0.723,0.168,0.038,0.523,2.32,55.394,41990.408,0.013,0.007,0.004,0.002,0.015,0.003,0.015,0.011,0.016
2020,North Dakota,3216,320746,793829.013,197342.043,0.332,0.173,0.09,0.047,0.648,0.033,0.797,1309294.094,1777990.261,-7842.568,86854.334,152191.491,0.645,0.355,0.309,0.336,0.457,0.909,0.01,0.012,0.467,2.291,54.697,91260.314,0.021,0.011,0.006,0.003,0.021,0.004,0.023,0.017,0.019
2020,Ohio,41057,4737983,397808.63,131262.964,0.309,0.161,0.084,0.043,0.617,0.049,0.783,832176.509,757712.469,-4745.871,81601.417,132718.482,0.673,0.327,0.262,0.411,0.424,0.85,0.083,0.017,0.514,2.321,55.224,25898.265,0.034,0.019,0.01,0.005,0.027,0.003,0.034,0.029,0.021
2020,Oklahoma,14361,1521551,550773.549,132579.494,0.348,0.181,0.094,0.049,0.671,0.034,0.831,2707251.925,1123301.21,-6427.096,83932.502,126399.132,0.683,0.317,0.323,0.36,0.359,0.717,0.047,0.04,0.522,2.435,54.885,40359.022,0.01,0.005,0.003,0.001,0.018,0.003,0.015,0.008,0.017
2020,Oregon,13486,1687031,869364.701,270865.921,0.324,0.168,0.088,0.046,0.627,0.041,0.78,1517963.597,1784203.525,-1984.513,96160.953,264101.346,0.635,0.365,0.216,0.419,0.518,0.839,0.011,0.048,0.516,2.395,54.888,73038.264,0.012,0.006,0.003,0.002,0.013,0.004,0.014,0.01,0.019
2020,Pennsylvania,51654,5187439,529426.301,171652.819,0.322,0.167,0.087,0.045,0.627,0.049,0.795,1721485.086,980196.016,-3130.56,93942.784,172362.566,0.693,0.307,0.289,0.404,0.446,0.874,0.053,0.023,0.509,2.336,56.515,15785.053,0.014,0.007,0.004,0.002,0.011,0.001,0.014,0.012,0.011
2020,Rhode Island,3051,424027,626239.201,228202.107,0.306,0.159,0.083,0.043,0.602,0.049,0.77,1660073.271,1114442.264,-1596.976,96270.967,231227.791,0.64,0.36,0.208,0.432,0.529,0.821,0.045,0.07,0.528,2.311,55.96,39963.938,0.031,0.016,0.008,0.004,0.027,0.003,0.032,0.025,0.014
2020,South Carolina,14518,2009924,501434.582,139994.033,0.341,0.177,0.092,0.048,0.654,0.045,0.817,1552818.113,949212.729,3754.384,84902.011,181602.802,0.718,0.282,0.313,0.405,0.457,0.717,0.21,0.025,0.527,2.299,56.312,21569.628,0.007,0.004,0.002,0.001,0.011,0.002,0.01,0.006,0.013
2020,South Dakota,3522,351811,451510.054,140516.206,0.313,0.163,0.085,0.044,0.619,0.05,0.785,877039.224,845070.676,1893.849,81503.389,162116.179,0.705,0.295,0.317,0.388,0.412,0.875,0.006,0.013,0.505,2.392,54.619,29197.358,0.029,0.016,0.008,0.004,0.027,0.003,0.033,0.027,0.018
2020,Tennessee,20205,2719598,462238.811,137576.444,0.335,0.174,0.091,0.047,0.648,0.041,0.815,1605137.846,867242.874,-5682.689,81448.835,171009.34,0.672,0.328,0.276,0.396,0.41,0.803,0.121,0.022,0.522,2.345,54.966,10864.716,0.007,0.004,0.002,0.001,0.007,0.001,0.007,0.006,0.01
2020,Texas,64738,10272771,496530.54,132389.593,0.338,0.176,0.091,0.048,0.656,0.034,0.821,1647198.973,965964.106,-8912.015,96187.596,172842.619,0.63,0.37,0.285,0.346,0.461,0.639,0.094,0.186,0.503,2.555,53.75,16300.005,0.009,0.005,0.003,0.001,0.008,0.001,0.009,0.008,0.011
2020,Utah,9676,1050086,654266.254,250332.996,0.309,0.161,0.084,0.043,0.602,0.06,0.766,1497205.354,1167495.47,0,102322.424,282521.986,0.713,0.287,0.22,0.492,0.518,0.878,0.007,0.054,0.48,2.978,51.338,25466.599,0.018,0.009,0.005,0.002,0.016,0.002,0.02,0.015,0.013
2020,Vermont,2638,257500,614176.117,214446.813,0.308,0.16,0.083,0.043,0.61,0.057,0.769,992266.124,1168503.771,809.956,88718.199,189599.035,0.726,0.274,0.283,0.443,0.544,0.942,0.004,0.006,0.538,2.251,56.886,34770.382,0.034,0.018,0.01,0.005,0.025,0.003,0.033,0.029,0.019
2020,Virginia,25945,3208918,708807.376,220744.843,0.325,0.169,0.088,0.046,0.629,0.045,0.791,2541121.804,1348428.917,6251.816,112719.892,251846.805,0.665,0.335,0.216,0.449,0.561,0.719,0.144,0.039,0.502,2.431,54.567,33990.342,0.009,0.005,0.002,0.001,0.009,0.002,0.01,0.007,0.017
2020,Washington,25153,2984626,823242.447,275719.338,0.324,0.168,0.088,0.046,0.624,0.045,0.784,2515913.485,1561836.761,685.758,111450.415,324943.691,0.637,0.363,0.209,0.428,0.536,0.775,0.023,0.052,0.495,2.465,53.895,48180.16,0.006,0.003,0.002,0.001,0.009,0.003,0.008,0.005,0.022
2020,West Virginia,5871,734614,319976.418,119669.638,0.307,0.159,0.083,0.043,0.603,0.06,0.782,1164998.463,590602.481,712.012,68859.445,118627.106,0.74,0.26,0.396,0.344,0.34,0.919,0.024,0.007,0.512,2.25,57.481,14210.996,0.021,0.013,0.007,0.004,0.018,0.003,0.023,0.02,0.018
2020,Wisconsin,23991,2399155,497237.011,170738.49,0.315,0.164,0.085,0.044,0.615,0.051,0.786,1380225.248,902216.018,-2948.396,85816.829,170230.238,0.683,0.317,0.259,0.424,0.438,0.914,0.026,0.019,0.494,2.323,56.008,20123.685,0.017,0.009,0.005,0.002,0.016,0.002,0.019,0.015,0.011
2020,Wyoming,2118,234719,547807.595,178512.396,0.32,0.166,0.087,0.045,0.626,0.054,0.788,1262871.897,1008387.534,7805.219,84274.393,242807.804,0.741,0.259,0.316,0.425,0.423,0.885,0.005,0.038,0.499,2.368,54.389,24448.559,0.024,0.013,0.007,0.003,0.016,0.002,0.021,0.02,0.016
